Workbook
Name RentangBernama1: 'KELURAHAN (DI ISI)'!$H:$H

Sheet KELURAHAN (DI ISI)
A1: p
A2: NO | B2: KECAMATAN | C2: ID KEC DAN KELUR | D2: PUSKESMAS | E2: KELURAHAN | F2: Jml Posyd | G2: Balita yang ada
JB3: KENDALI 0-59 BULAN
H4: Januari | P4: Februari | X4: Maret | AF4: April | AN4: Mei | AV4: JUNI | BQ4: JULI | CL4: AGUSTUS | DH4: 33 | EI4: OKTOBER | FJ4: NOVEMBER | GM4: DESEMBER | HT4: KENDALI | JO4: KENDALI DATA DARI FEB-DES | KB4: SELISIH
H5: Total Balita Stunting | I5: Jumlah Balita Stunting Kelompok Umur | M5: Stunting Kasus Baru | N5: Lulus Stunting | O5: Stunting Kasus Lama | P5: Total Balita Stunting | Q5: Jumlah Balita Stunting Kelompok Umur | U5: Stunting Kasus Baru | V5: Lulus Stunting | W5: Stunting Kasus Lama | Y5: Jumlah Balita Stunting Kelompok Umur | AC5: Stunting Kasus Baru | AD5: Lulus Stunting | AE5: Stunting Kasus Lama | AG5: Jumlah Balita Stunting Kelompok Umur | AK5: Stunting Kasus Baru | AL5: Lulus Stunting | AM5: Stunting Kasus Lama | AO5: Jumlah Balita Stunting Kelompok Umur | AS5: Stunting Kasus Baru | AT5: Lulus Stunting | AU5: Stunting Kasus Lama | AV5: Jumlah Balita JUNI 2022 | AW5: Total Balita Stunting | AX5: Jumlah Balita Stunting Kasus Lama | BB5: Jumlah Balita Stunting Baru | BF5: Jumlah Balita Lulus Stunting Membaik | BJ5: Jumlah Balita Lulus ( Pindah ) | BN5: Jumlah Balita Lulus Umur | BO5: Stunting Meninggal | BP5: Jumlah Balita Lulus Stunting | BQ5: Jumlah Balita JULI 2022 | BR5: Total Balita Stunting | BS5: Jumlah Balita Stunting Kasus Lama | BW5: Jumlah Balita Stunting Baru | CA5: Jumlah Balita Lulus Stunting Membaik | CE5: Jumlah Balita Lulus ( Pindah ) | CI5: Jumlah Balita Lulus Umur | CJ5: Stunting Meninggal | CK5: Jumlah Balita Lulus Stunting | CL5: Jumlah Balita AGUSTUS 2022 | CM5: Jumlah Baduta Agustus 2022 | CN5: Total Balita Stunting | CO5: Jumlah Balita Stunting Kasus Lama | CS5: Jumlah Balita Stunting Baru | CW5: Jumlah Balita Lulus Stunting Membaik | DA5: Jumlah Balita Lulus ( Pindah ) | DE5: Jumlah Balita Lulus Umur | DF5: Stunting Meninggal | DG5: Jumlah Balita Lulus Stunting | DH5: Jumlah Balita (S) OKTOBER 2022 | DI5: Jumlah Baduta (S) SEPTEMBER 2022 | DJ5: Balita Ditimbang (D) SEPTEMBER 2022 | DK5: Baduta Ditimbang (D) SEPTEMBER 2022 | DL5: Total Balita Stunting | DM5: Total 0-23 Stunting | DN5: Total 24-59 Stunting | DO5: Jumlah Balita Stunting Kasus Lama | DS5: Jumlah Balita Stunting Baru | DW5: Jumlah Balita Lulus Stunting Membaik | EA5: Jumlah Balita Lulus ( Pindah ) | EE5: Jumlah Balita Lulus Umur | EF5: Stunting Meninggal | EG5: Jumlah Balita Lulus Stunting | EH5: Jumlah Baduta Lulus Stunting | EI5: Jumlah Balita (S) OKTOBER 2022 | EJ5: Jumlah Baduta (S) OKTOBER 2022 | EK5: Balita Ditimbang (D) OKTOBER 2022 | EL5: Baduta Ditimbang (D) OKTOBER 2022 | EM5: Total Balita Stunting | EN5: Total 0-23 Stunting | EO5: Total 24-59 Stunting | EP5: Jumlah Balita Stunting Kasus Lama | ET5: Jumlah Balita Stunting Baru | EX5: Jumlah Balita Lulus Stunting Membaik | FB5: Jumlah Balita Lulus ( Pindah ) | FF5: Jumlah Balita Lulus Umur | FG5: Stunting Meninggal | FH5: Jumlah Balita Lulus Stunting | FI5: Jumlah Baduta Lulus Stunting | FJ5: Jumlah Balita (S) NOVEMBER 2022 | FK5: Jumlah Baduta (S) NOVEMBER 2022 | FL5: Balita Ditimbang (D) NOVEMBER 2022 | FM5: Baduta Ditimbang (D) NOVEMBER 2022 | FN5: Kendali Ditimbang (EPPGBM) KOLOM KOSONG | FO5: KENDALI STUNTING EPPGBM | FP5: Total Balita Stunting | FQ5: Total 0-23 Stunting | FR5: Total 24-59 Stunting | FS5: Jumlah Balita Stunting Kasus Lama | FW5: Jumlah Balita Stunting Baru | GA5: Jumlah Balita Lulus Stunting Membaik | GE5: Jumlah Balita Lulus ( Pindah ) | GI5: Jumlah Balita Lulus Umur | GJ5: Stunting Meninggal | GK5: Jumlah Balita Lulus Stunting | GL5: Jumlah Baduta Lulus Stunting | GM5: Jumlah Balita (S) DESEMBER 2022 | GN5: Jumlah Baduta (S) DESEMBER 2022 | GO5: Balita Ditimbang (D) DESEMBER 2022 | GP5: Baduta Ditimbang (D) DESEMBER 2022 | GQ5: Kendali Ditimbang (EPPGBM) KOLOM KOSONG | GR5: KENDALI STUNTING EPPGBM | GS5: KENDALI STUNTING BADUTA EPPGBM | GT5: Total Balita Stunting | GU5: Total 0-23 Stunting | GV5: Total 24-59 Stunting | GW5: Jumlah Balita Stunting Kasus Lama | HA5: Jumlah Balita Stunting Baru | HE5: Jumlah Balita Lulus Stunting Membaik | HI5: Jumlah Balita Lulus ( Pindah ) | HM5: Jumlah Balita Lulus Umur | HN5: Stunting Meninggal | HO5: Jumlah Balita Lulus Stunting | HP5: Jumlah Baduta Lulus Stunting | HT5: JAN | HU5: FEB | HV5: MAR | HW5: APR | HX5: MEI | HY5: JUNI | HZ5: JULI | IA5: AGT | IB5: SEPT | IC5: OKT | ID5: NOV | IE5: DES | JB5: JAN | JC5: FEB | JD5: MAR | JE5: APR | JF5: MEI | JG5: JUNI | JH5: JULI | JI5: AGT | JJ5: SEPT | JK5: OKT | JL5: NOV | JM5: DES | JO5: JAN | JP5: FEB | JQ5: MAR | JR5: APR | JS5: MEI | JT5: JUNI | JU5: JULI | JV5: AGT | JW5: SEPT | JX5: OKT | JY5: NOV | JZ5: DES | KB5: JAN | KC5: FEB | KD5: MAR | KE5: APR | KF5: MEI | KG5: JUNI | KH5: JULI | KI5: AGT | KJ5: SEPT | KK5: OKT | KL5: NOV | KM5: DES
I6: 0-6 | J6: 6-11 | K6: 12-23 | L6: 24-59 | Q6: 0-6 | R6: 6-11 | S6: 12-23 | T6: 24-59 | X6: Total Balita Stunting | Y6: 0-6 | Z6: 6-11 | AA6: 12-23 | AB6: 24-59 | AF6: Total Balita Stunting | AG6: 0-6 | AH6: 6-11 | AI6: 12-23 | AJ6: 24-59 | AN6: Total Balita Stunting | AO6: 0-6 | AP6: 6-11 | AQ6: 12-23 | AR6: 24-59 | AX6: 0-6 | AY6: 6-11 | AZ6: 12-23 | BA6: 24-59 | BB6: 0-6 | BC6: 6-11 | BD6: 12-23 | BE6: 24-59 | BF6: 0-6 | BG6: 6-11 | BH6: 12-23 | BI6: 24-59 | BJ6: 0-6 | BK6: 6-11 | BL6: 12-23 | BM6: 24-59 | BN6: > 59 | BO6: 0-59 | BP6: 0-59 | BS6: 0-6 | BT6: 6-11 | BU6: 12-23 | BV6: 24-59 | BW6: 0-6 | BX6: 6-11 | BY6: 12-23 | BZ6: 24-59 | CA6: 0-6 | CB6: 6-11 | CC6: 12-23 | CD6: 24-59 | CE6: 0-6 | CF6: 6-11 | CG6: 12-23 | CH6: 24-59 | CI6: > 59 | CJ6: 0-59 | CK6: 0-59 | CO6: 0-6 | CP6: 6-11 | CQ6: 12-23 | CR6: 24-59 | CS6: 0-6 | CT6: 6-11 | CU6: 12-23 | CV6: 24-59 | CW6: 0-6 | CX6: 6-11 | CY6: 12-23 | CZ6: 24-59 | DA6: 0-6 | DB6: 6-11 | DC6: 12-23 | DD6: 24-59 | DE6: > 59 | DF6: 0-59 | DG6: 0-59 | DO6: 0-6 | DP6: 6-11 | DQ6: 12-23 | DR6: 24-59 | DS6: 0-6 | DT6: 6-11 | DU6: 12-23 | DV6: 24-59 | DW6: 0-6 | DX6: 6-11 | DY6: 12-23 | DZ6: 24-59 | EA6: 0-6 | EB6: 6-11 | EC6: 12-23 | ED6: 24-59 | EE6: > 59 | EF6: 0-59 | EP6: 0-6 | EQ6: 6-11 | ER6: 12-23 | ES6: 24-59 | ET6: 0-6 | EU6: 6-11 | EV6: 12-23 | EW6: 24-59 | EX6: 0-6 | EY6: 6-11 | EZ6: 12-23 | FA6: 24-59 | FB6: 0-6 | FC6: 6-11 | FD6: 12-23 | FE6: 24-59 | FF6: > 59 | FG6: 0-59 | FS6: 0-6 | FT6: 6-11 | FU6: 12-23 | FV6: 24-59 | FW6: 0-6 | FX6: 6-11 | FY6: 12-23 | FZ6: 24-59 | GA6: 0-6 | GB6: 6-11 | GC6: 12-23 | GD6: 24-59 | GE6: 0-6 | GF6: 6-11 | GG6: 12-23 | GH6: 24-59 | GI6: > 59 | GJ6: 0-59 | GW6: 0-6 | GX6: 6-11 | GY6: 12-23 | GZ6: 24-59 | HA6: 0-6 | HB6: 6-11 | HC6: 12-23 | HD6: 24-59 | HE6: 0-6 | HF6: 6-11 | HG6: 12-23 | HH6: 24-59 | HI6: 0-6 | HJ6: 6-11 | HK6: 12-23 | HL6: 24-59 | HM6: > 59 | HN6: 0-59
A7: 1 | B7: 2 | D7: 3 | E7: 4 | F7: 5 | G7: 6 | H7: 7 | I7: 8 | J7: 9 | K7: 10 | L7: 11 | M7: 12 | N7: 13 | O7: 14 | P7: 15 | Q7: 16 | R7: 17 | S7: 18 | T7: 19 | U7: 20 | V7: 21 | W7: 22 | X7: 23 | Y7: 24 | Z7: 25 | AA7: 26 | AB7: 27 | AC7: 28 | AD7: 29 | AE7: 30 | AF7: 31 | AG7: 32 | AH7: 33 | AI7: 34 | AJ7: 35 | AK7: 36 | AL7: 37 | AM7: 38 | AN7: 39 | AO7: 40 | AP7: 41 | AQ7: 42 | AR7: 43 | AS7: 44 | AT7: 45 | AU7: 46 | AV7: 47 | AW7: 48 | AX7: 49 | AY7: 50 | AZ7: 51 | BA7: 52 | BB7: 53 | BC7: 54 | BD7: 55 | BE7: 56 | BF7: 57 | BG7: 58 | BH7: 59 | BI7: 60 | BJ7: 61 | BK7: 62 | BL7: 63 | BM7: 64 | BN7: 65 | BO7: 66 | BP7: 67 | BQ7: 68 | BR7: 69 | BS7: 70 | BT7: 71 | BU7: 72 | BV7: 73 | BW7: 74 | BX7: 75 | BY7: 76 | BZ7: 77 | CA7: 78 | CB7: 79 | CC7: 80 | CD7: 81 | CE7: 82 | CF7: 83 | CG7: 84 | CH7: 85 | CI7: 86 | CJ7: 87 | CK7: 88 | CL7: 89 | CM7: 90 | CN7: 91 | CO7: 92 | CP7: 93 | CQ7: 94 | CR7: 95 | CS7: 96 | CT7: 97 | CU7: 98 | CV7: 99 | CW7: 100 | CX7: 101 | CY7: 102 | CZ7: 103 | DA7: 104 | DB7: 105 | DC7: 106 | DD7: 107 | DE7: 108 | DF7: 109 | DG7: 110 | DH7: 111 | DI7: 112 | DJ7: 113 | DK7: 114 | DL7: 115 | DM7: 116 | DO7: 117 | DP7: 118 | DQ7: 119 | DR7: 120 | DS7: 121 | DT7: 122 | DU7: 123 | DV7: 124 | DW7: 125 | DX7: 126 | DY7: 127 | DZ7: 128 | EA7: 129 | EB7: 130 | EC7: 131 | ED7: 132 | EE7: 133 | EF7: 134 | EG7: 135 | EH7: 136 | EI7: 137 | EJ7: 138 | EK7: 139 | EL7: 140 | EM7: 141 | EN7: 142 | EO7: 143 | EP7: 144 | EQ7: 145 | ER7: 146 | ES7: 147 | ET7: 148 | EU7: 149 | EV7: 150 | EW7: 151 | EX7: 152 | EY7: 153 | EZ7: 154 | FA7: 155 | FB7: 156 | FC7: 157 | FD7: 158 | FE7: 159 | FF7: 160 | FG7: 161 | FH7: 162 | FI7: 163 | FJ7: 164 | FK7: 165 | FL7: 166 | FM7: 167 | FP7: 168 | FQ7: 169 | FR7: 170 | FS7: 171 | FT7: 172 | FU7: 173 | FV7: 174 | FW7: 175 | FX7: 176 | FY7: 177 | FZ7: 178 | GA7: 179 | GB7: 180 | GC7: 181 | GD7: 182 | GE7: 183 | GF7: 184 | GG7: 185 | GH7: 186 | GI7: 187 | GJ7: 188 | GK7: 189 | GL7: 190 | GM7: 191 | GN7: 192 | GO7: 193 | GP7: 194 | GQ7: 195 | GR7: 196 | GT7: 197 | GU7: 198 | GV7: 199 | GW7: 200 | GX7: 201 | GY7: 202 | GZ7: 203 | HA7: 204 | HB7: 205 | HC7: 206 | HD7: 207 | HE7: 208 | HF7: 209 | HG7: 210 | HH7: 211 | HI7: 212 | HJ7: 213 | HK7: 214 | HL7: 215 | HM7: 216 | HN7: 217 | HO7: 218 | HP7: 219
A8: 1 | B8: SEMARANG TENGAH | C8: 3374130 | D8: MIROTO | E8: Miroto | F8: 4 | G8: 234 | H8: 1 | L8: 1 | M8: 0 | N8: 0 | O8: =H8-(M8+N8) -> 1 | P8: 1 | S8: 1 | T8: 0 | U8: 1 | V8: 0 | W8: =P8-(U8+V8) -> 0 | X8: 1 | AA8: 1 | AC8: 0 | AD8: 0 | AE8: =X8-(AC8+AD8) -> 1 | AF8: 1 | AI8: 1 | AK8: 0 | AL8: 0 | AM8: =AF8-(AK8+AL8) -> 1 | AN8: 1 | AQ8: 1 | AS8: 0 | AT8: 0 | AU8: =AN8-(AS8+AT8) -> 1 | AV8: 172 | AW8: =SUM(AX8:BE8) -> 2 | AX8: 0 | AY8: 0 | AZ8: 1 | BA8: 0 | BB8: 0 | BC8: 0 | BD8: 1 | BE8: 0 | BF8: 0 | BG8: 0 | BH8: 0 | BI8: 0 | BJ8: 0 | BK8: 0 | BL8: 0 | BM8: 0 | BN8: 0 | BO8: 0 | BP8: =SUM(BF8:BO8) -> 0 | BQ8: 172 | BR8: =SUM(BS8:BZ8) -> 2 | BS8: 0 | BT8: 0 | BU8: 1 | BV8: 1 | BW8: 0 | BX8: 0 | BY8: 0 | BZ8: 0 | CA8: 0 | CB8: 0 | CC8: 0 | CD8: 0 | CE8: 0 | CF8: 0 | CG8: 0 | CH8: 0 | CI8: 0 | CJ8: 0 | CK8: =SUM(CA8:CJ8) -> 0 | CL8: 172 | CM8: 58 | CN8: =SUM(CO8:CV8) -> 2 | CO8: 0 | CP8: 0 | CQ8: 1 | CR8: 1 | CS8: 0 | CT8: 0 | CU8: 0 | CV8: 0 | CW8: 0 | CX8: 0 | CY8: 0 | CZ8: 0 | DA8: 0 | DB8: 0 | DC8: 0 | DD8: 0 | DE8: 0 | DF8: 0 | DG8: =SUM(CW8:DF8) -> 0 | DH8: 116 | DI8: 39 | DJ8: 116 | DK8: 39 | DL8: =SUM(DO8:DV8) -> 2 | DM8: =(DO8+DP8+DQ8+DS8+DT8+DU8) -> 1 | DN8: =DR8+DV8 -> 1 | DO8: 0 | DP8: 0 | DQ8: 1 | DR8: 1 | DS8: 0 | DT8: 0 | DU8: 0 | DV8: 0 | DW8: 0 | DX8: 1 | DY8: 0 | DZ8: 0 | EA8: 0 | EB8: 0 | EC8: 0 | ED8: 0 | EE8: 0 | EF8: 0 | EG8: =SUM(DW8:EF8) -> 1 | EH8: =DW8+DX8+DY8+EA8+EB8+EC8+EE8+EF8 -> 1 | EI8: 116 | EJ8: 39 | EK8: 116 | EL8: 39 | EM8: =SUM(EP8:EW8) -> 2 | EN8: =(EP8+EQ8+ER8+ET8+EU8+EV8) -> 1 | EO8: =ES8+EW8 -> 1 | EP8: 0 | EQ8: 0 | ER8: 1 | ES8: 1 | ET8: 0 | EU8: 0 | EV8: 0 | EW8: 0 | EX8: 0 | EY8: 0 | EZ8: 0 | FA8: 0 | FB8: 0 | FC8: 0 | FD8: 0 | FE8: 0 | FF8: 0 | FG8: 0 | FH8: =SUM(EX8:FG8) -> 0 | FI8: =EX8+EY8+EZ8+FB8+FC8+FD8 -> 0 | FJ8: 110 | FK8: 36 | FL8: 110 | FM8: 36 | FO8: 2 | FP8: =SUM(FS8:FZ8) -> 2 | FQ8: 0 | FR8: 2 | FS8: 0 | FT8: 0 | FU8: 0 | FV8: 2 | FW8: 0 | FX8: 0 | FY8: 0 | FZ8: 0 | GA8: 0 | GB8: 0 | GC8: 0 | GD8: 0 | GE8: 0 | GF8: 0 | GG8: 0 | GH8: 0 | GI8: 0 | GJ8: 0 | GK8: 0 | GL8: 0 | GM8: 109 | GN8: 36 | GO8: 109 | GP8: 36 | GR8: 2 | GS8: 0 | GT8: =GU8+GV8 -> 2 | GU8: =GW8+GX8+GY8+HA8+HB8+HC8 -> 0 | GV8: =GZ8+HD8 -> 2 | GW8: 0 | GX8: 0 | GY8: 0 | GZ8: 2 | HA8: 0 | HB8: 0 | HC8: 0 | HD8: 0 | HE8: 0 | HF8: 0 | HG8: 0 | HH8: 0 | HI8: 0 | HJ8: 0 | HK8: 0 | HL8: 0 | HM8: 0 | HN8: 0 | HO8: 0 | HP8: 0 | HT8: =H8 -> 1 | HU8: =P8 -> 1 | HV8: =X8 -> 1 | HW8: =AF8 -> 1 | HX8: =AN8 -> 1 | HY8: =AW8 -> 2 | HZ8: =BR8 -> 2 | IA8: =CN8 -> 2 | IB8: =DL8 -> 2 | IC8: =EM8 -> 2 | ID8: =FP8 -> 2 | IE8: =GT8 -> 2 | JB8: =SUM(I8:L8) -> 1 | JC8: =SUM(Q8:T8) -> 1 | JD8: =SUM(Y8:AB8) -> 1 | JE8: =SUM(AG8:AJ8) -> 1 | JF8: =SUM(AO8:AR8) -> 1 | JG8: =SUM(AX8:BE8) -> 2 | JH8: =SUM(BS8:BZ8) -> 2 | JI8: =SUM(CO8:CV8) -> 2 | JJ8: =SUM(DO8:DV8) -> 2 | JK8: =SUM(EP8:FA8) -> 2 | JL8: =SUM(FS8:FZ8) -> 2 | JM8: =SUM(GW8:HD8) -> 2 | JO8: =H8 -> 1 | JP8: 1 | JQ8: 1 | JR8: 1 | JS8: 1 | JV8: =IA8-JI8 -> 0 | JW8: =IB8-JJ8 -> 0 | JX8: =IC8-JK8 -> 0 | KB8: =JB8-JO8 -> 0 | KC8: =JC8-JP8 -> 0 | KD8: =JD8-JQ8 -> 0 | KE8: =JE8-JR8 -> 0 | KF8: =JF8-JS8 -> 0 | KG8: =JG8-JT8 -> 2 | KH8: =JH8-JU8 -> 2 | KI8: =JI8-JV8 -> 2 | ... KM8: =JM8-JZ8 -> 2
A9: 2 | B9: SEMARANG TENGAH | C9: 3374130 | D9: MIROTO | E9: Brumbungan | F9: 2 | G9: 176 | H9: 5 | K9: 1 | L9: 4 | M9: 0 | N9: 0 | O9: =H9-(M9+N9) -> 5 | P9: 4 | S9: 1 | T9: 3 | U9: 0 | V9: 1 | W9: =P9-(U9+V9) -> 3 | X9: 4 | AA9: 1 | AB9: 3 | AC9: 0 | AD9: 0 | AE9: =X9-(AC9+AD9) -> 4 | AF9: 3 | AI9: 1 | AJ9: 2 | AK9: 0 | AL9: 1 | AM9: =AF9-(AK9+AL9) -> 2 | AN9: 4 | AQ9: 1 | AR9: 3 | AS9: 1 | AT9: 0 | AU9: =AN9-(AS9+AT9) -> 3 | AV9: 138 | AW9: =SUM(AX9:BE9) -> 3 | AX9: 0 | AY9: 0 | AZ9: 1 | BA9: 1 | BB9: 0 | BC9: 0 | BD9: 1 | BE9: 0 | BF9: 0 | BG9: 0 | BH9: 0 | BI9: 1 | BJ9: 0 | BK9: 0 | BL9: 0 | BM9: 0 | BN9: 1 | BO9: 0 | BP9: =SUM(BF9:BO9) -> 2 | BQ9: 141 | BR9: =SUM(BS9:BZ9) -> 3 | BS9: 0 | BT9: 0 | BU9: 1 | BV9: 2 | BW9: 0 | BX9: 0 | BY9: 0 | BZ9: 0 | CA9: 0 | CB9: 0 | CC9: 0 | CD9: 0 | CE9: 0 | CF9: 0 | CG9: 0 | CH9: 0 | CI9: 0 | CJ9: 0 | CK9: =SUM(CA9:CJ9) -> 0 | CL9: 142 | CM9: 46 | CN9: =SUM(CO9:CV9) -> 3 | CO9: 0 | CP9: 0 | CQ9: 1 | CR9: 2 | CS9: 0 | CT9: 0 | CU9: 0 | CV9: 0 | CW9: 0 | CX9: 0 | CY9: 0 | CZ9: 0 | DA9: 0 | DB9: 0 | DC9: 0 | DD9: 0 | DE9: 0 | DF9: 0 | DG9: =SUM(CW9:DF9) -> 0 | DH9: 114 | DI9: 47 | DJ9: 114 | DK9: 47 | DL9: =SUM(DO9:DV9) -> 2 | DM9: =(DO9+DP9+DQ9+DS9+DT9+DU9) -> 0 | DN9: =DR9+DV9 -> 2 | DO9: 0 | DP9: 0 | DQ9: 0 | DR9: 2 | DS9: 0 | DT9: 0 | DU9: 0 | DV9: 0 | DW9: 0 | DX9: 0 | DY9: 1 | DZ9: 0 | EA9: 0 | EB9: 0 | EC9: 0 | ED9: 0 | EE9: 0 | EF9: 0 | EG9: =SUM(DW9:EF9) -> 1 | EH9: =DW9+DX9+DY9+EA9+EB9+EC9+EE9+EF9 -> 1 | EI9: 114 | EJ9: 49 | EK9: 114 | EL9: 49 | EM9: =SUM(EP9:EW9) -> 2 | EN9: =(EP9+EQ9+ER9+ET9+EU9+EV9) -> 0 | EO9: =ES9+EW9 -> 2 | EP9: 0 | EQ9: 0 | ER9: 0 | ES9: 2 | ET9: 0 | EU9: 0 | EV9: 0 | EW9: 0 | EX9: 0 | EY9: 0 | EZ9: 0 | FA9: 0 | FB9: 0 | FC9: 0 | FD9: 0 | FE9: 0 | FF9: 0 | FG9: 0 | FH9: =SUM(EX9:FG9) -> 0 | FI9: =EX9+EY9+EZ9+FB9+FC9+FD9 -> 0 | FJ9: 112 | FK9: 45 | FL9: 112 | FM9: 45 | FO9: 3 | FP9: =SUM(FS9:FZ9) -> 3 | FQ9: 1 | FR9: 2 | FS9: 0 | FT9: 0 | FU9: 1 | FV9: 2 | FW9: 0 | FX9: 0 | FY9: 0 | FZ9: 0 | GA9: 0 | GB9: 0 | GC9: 0 | GD9: 0 | GE9: 0 | GF9: 0 | GG9: 0 | GH9: 0 | GI9: 0 | GJ9: 0 | GK9: 0 | GL9: 0 | GM9: 113 | GN9: 42 | GO9: 113 | GP9: 40 | GR9: 2 | GS9: 0 | GT9: =GU9+GV9 -> 2 | GU9: =GW9+GX9+GY9+HA9+HB9+HC9 -> 0 | GV9: =GZ9+HD9 -> 2 | GW9: 0 | GX9: 0 | GY9: 0 | GZ9: 2 | HA9: 0 | HB9: 0 | HC9: 0 | HD9: 0 | HE9: 0 | HF9: 0 | HG9: 1 | HH9: 0 | HI9: 0 | HJ9: 0 | HK9: 0 | HL9: 0 | HM9: 0 | HN9: 0 | HO9: 0 | HP9: 1 | HT9: =H9 -> 5 | HU9: =P9 -> 4 | HV9: =X9 -> 4 | HW9: =AF9 -> 3 | HX9: =AN9 -> 4 | HY9: =AW9 -> 3 | HZ9: =BR9 -> 3 | IA9: =CN9 -> 3 | IB9: =DL9 -> 2 | IC9: =EM9 -> 2 | ID9: =FP9 -> 3 | IE9: =GT9 -> 2 | JB9: =SUM(I9:L9) -> 5 | JC9: =SUM(Q9:T9) -> 4 | JD9: =SUM(Y9:AB9) -> 4 | JE9: =SUM(AG9:AJ9) -> 3 | JF9: =SUM(AO9:AR9) -> 4 | JG9: =SUM(AX9:BE9) -> 3 | JH9: =SUM(BS9:BZ9) -> 3 | JI9: =SUM(CO9:CV9) -> 3 | JJ9: =SUM(DO9:DV9) -> 2 | JK9: =SUM(EP9:FA9) -> 2 | JL9: =SUM(FS9:FZ9) -> 3 | JM9: =SUM(GW9:HD9) -> 2 | JO9: =H9 -> 5 | JP9: 4 | JQ9: 4 | JR9: 3 | JS9: 4 | JV9: =IA9-JI9 -> 0 | JW9: =IB9-JJ9 -> 0 | JX9: =IC9-JK9 -> 0 | KB9: =JB9-JO9 -> 0 | KC9: =JC9-JP9 -> 0 | KD9: =JD9-JQ9 -> 0 | KE9: =JE9-JR9 -> 0 | KF9: =JF9-JS9 -> 0 | KG9: =JG9-JT9 -> 3 | KH9: =JH9-JU9 -> 3 | KI9: =JI9-JV9 -> 3 | ... KM9: =JM9-JZ9 -> 2
A10: 3 | B10: SEMARANG TENGAH | C10: 3374130 | D10: MIROTO | E10: Jagalan | F10: 6 | G10: 233 | H10: 3 | L10: 3 | M10: 0 | N10: 0 | O10: =H10-(M10+N10) -> 3 | P10: 3 | S10: 1 | T10: 2 | U10: 1 | V10: 1 | W10: =P10-(U10+V10) -> 1 | X10: 4 | AA10: 2 | AB10: 2 | AC10: 0 | AD10: 2 | AE10: =X10-(AC10+AD10) -> 2 | AF10: 1 | AJ10: 1 | AK10: 0 | AL10: 0 | AM10: =AF10-(AK10+AL10) -> 1 | AN10: 1 | AR10: 1 | AS10: 0 | AT10: 0 | AU10: =AN10-(AS10+AT10) -> 1 | AV10: 212 | AW10: =SUM(AX10:BE10) -> 3 | AX10: 0 | AY10: 0 | AZ10: 0 | BA10: 2 | BB10: 0 | BC10: 0 | BD10: 1 | BE10: 0 | BF10: 0 | BG10: 0 | BH10: 0 | BI10: 0 | BJ10: 0 | BK10: 0 | BL10: 0 | BM10: 0 | BN10: 0 | BO10: 0 | BP10: =SUM(BF10:BO10) -> 0 | BQ10: 216 | BR10: =SUM(BS10:BZ10) -> 2 | BS10: 0 | BT10: 0 | BU10: 1 | BV10: 1 | BW10: 0 | BX10: 0 | BY10: 0 | BZ10: 0 | CA10: 0 | CB10: 0 | CC10: 0 | CD10: 1 | CE10: 0 | CF10: 0 | CG10: 0 | CH10: 0 | CI10: 0 | CJ10: 0 | CK10: =SUM(CA10:CJ10) -> 1 | CL10: 220 | CM10: 76 | CN10: =SUM(CO10:CV10) -> 2 | CO10: 0 | CP10: 0 | CQ10: 1 | CR10: 1 | CS10: 0 | CT10: 0 | CU10: 0 | CV10: 0 | CW10: 0 | CX10: 0 | CY10: 0 | CZ10: 0 | DA10: 0 | DB10: 0 | DC10: 0 | DD10: 0 | DE10: 0 | DF10: 0 | DG10: =SUM(CW10:DF10) -> 0 | DH10: 198 | DI10: 73 | DJ10: 198 | DK10: 73 | DL10: =SUM(DO10:DV10) -> 3 | DM10: =(DO10+DP10+DQ10+DS10+DT10+DU10) -> 2 | DN10: =DR10+DV10 -> 1 | DO10: 0 | DP10: 0 | DQ10: 1 | DR10: 1 | DS10: 0 | DT10: 0 | DU10: 1 | DV10: 0 | DW10: 0 | DX10: 0 | DY10: 0 | DZ10: 0 | EA10: 0 | EB10: 0 | EC10: 0 | ED10: 0 | EE10: 0 | EF10: 0 | EG10: =SUM(DW10:EF10) -> 0 | EH10: =DW10+DX10+DY10+EA10+EB10+EC10+EE10+EF10 -> 0 | EI10: 201 | EJ10: 75 | EK10: 201 | EL10: 75 | EM10: =SUM(EP10:EW10) -> 3 | EN10: =(EP10+EQ10+ER10+ET10+EU10+EV10) -> 2 | EO10: =ES10+EW10 -> 1 | EP10: 0 | EQ10: 0 | ER10: 2 | ES10: 1 | ET10: 0 | EU10: 0 | EV10: 0 | EW10: 0 | EX10: 0 | EY10: 0 | EZ10: 0 | FA10: 0 | FB10: 0 | FC10: 0 | FD10: 0 | FE10: 0 | FF10: 0 | FG10: 0 | FH10: =SUM(EX10:FG10) -> 0 | FI10: =EX10+EY10+EZ10+FB10+FC10+FD10 -> 0 | FJ10: 190 | FK10: 67 | FL10: 190 | FM10: 67 | FO10: 3 | FP10: =SUM(FS10:FZ10) -> 3 | FQ10: 1 | FR10: 2 | FS10: 0 | FT10: 0 | FU10: 1 | FV10: 2 | FW10: 0 | FX10: 0 | FY10: 0 | FZ10: 0 | GA10: 0 | GB10: 0 | GC10: 0 | GD10: 0 | GE10: 0 | GF10: 0 | GG10: 0 | GH10: 0 | GI10: 0 | GJ10: 0 | GK10: 0 | GL10: 0 | GM10: 190 | GN10: 68 | GO10: 190 | GP10: 67 | GR10: 3 | GS10: 1 | GT10: =GU10+GV10 -> 3 | GU10: =GW10+GX10+GY10+HA10+HB10+HC10 -> 1 | GV10: =GZ10+HD10 -> 2 | GW10: 0 | GX10: 0 | GY10: 1 | GZ10: 2 | HA10: 0 | HB10: 0 | HC10: 0 | HD10: 0 | HE10: 0 | HF10: 0 | HG10: 0 | HH10: 0 | HI10: 0 | HJ10: 0 | HK10: 0 | HL10: 0 | HM10: 0 | HN10: 0 | HO10: 0 | HP10: 0 | HT10: =H10 -> 3 | HU10: =P10 -> 3 | HV10: =X10 -> 4 | HW10: =AF10 -> 1 | HX10: =AN10 -> 1 | HY10: =AW10 -> 3 | HZ10: =BR10 -> 2 | IA10: =CN10 -> 2 | IB10: =DL10 -> 3 | IC10: =EM10 -> 3 | ID10: =FP10 -> 3 | IE10: =GT10 -> 3 | JB10: =SUM(I10:L10) -> 3 | JC10: =SUM(Q10:T10) -> 3 | JD10: =SUM(Y10:AB10) -> 4 | JE10: =SUM(AG10:AJ10) -> 1 | JF10: =SUM(AO10:AR10) -> 1 | JG10: =SUM(AX10:BE10) -> 3 | JH10: =SUM(BS10:BZ10) -> 2 | JI10: =SUM(CO10:CV10) -> 2 | JJ10: =SUM(DO10:DV10) -> 3 | JK10: =SUM(EP10:FA10) -> 3 | JL10: =SUM(FS10:FZ10) -> 3 | JM10: =SUM(GW10:HD10) -> 3 | JO10: =H10 -> 3 | JP10: 3 | JQ10: 4 | JR10: 1 | JS10: 1 | JV10: =IA10-JI10 -> 0 | JW10: =IB10-JJ10 -> 0 | JX10: =IC10-JK10 -> 0 | KB10: =JB10-JO10 -> 0 | KC10: =JC10-JP10 -> 0 | KD10: =JD10-JQ10 -> 0 | KE10: =JE10-JR10 -> 0 | KF10: =JF10-JS10 -> 0 | KG10: =JG10-JT10 -> 3 | KH10: =JH10-JU10 -> 2 | KI10: =JI10-JV10 -> 2 | ... KM10: =JM10-JZ10 -> 3
A11: 4 | B11: SEMARANG TENGAH | C11: 3374130 | D11: PONCOL | E11: Kranggan | F11: 2 | G11: 98 | H11: 3 | I11: 0 | J11: 0 | K11: 1 | L11: 2 | M11: 2 | N11: 0 | O11: =H11-(M11+N11) -> 1 | P11: 9 | Q11: 0 | R11: 2 | S11: 3 | T11: 4 | U11: 4 | V11: 1 | W11: =P11-(U11+V11) -> 4 | X11: 7 | Y11: 0 | Z11: 1 | AA11: 3 | AB11: 3 | AC11: 0 | AD11: 1 | AE11: =X11-(AC11+AD11) -> 6 | AF11: 10 | AG11: 0 | AH11: 2 | AI11: 5 | AJ11: 3 | AK11: 3 | AL11: 0 | AM11: =AF11-(AK11+AL11) -> 7 | AN11: 8 | AO11: 0 | AP11: 1 | AQ11: 4 | AR11: 3 | AS11: 0 | AT11: 2 | AU11: =AN11-(AS11+AT11) -> 6 | AV11: 72 | AW11: =SUM(AX11:BE11) -> 7 | AX11: 0 | AY11: 0 | AZ11: 4 | BA11: 2 | BB11: 0 | BC11: 0 | BD11: 1 | BE11: 0 | BF11: 0 | BG11: 0 | BH11: 1 | BI11: 0 | BJ11: 0 | BK11: 0 | BL11: 0 | BM11: 0 | BN11: 0 | BO11: 0 | BP11: =SUM(BF11:BO11) -> 1 | BQ11: 70 | BR11: =SUM(BS11:BZ11) -> 6 | BS11: 0 | BT11: 0 | BU11: 4 | BV11: 2 | BW11: 0 | BX11: 0 | BY11: 0 | BZ11: 0 | CA11: 0 | CB11: 0 | CC11: 0 | CD11: 0 | CE11: 0 | CF11: 0 | CG11: 0 | CH11: 0 | CI11: 0 | CJ11: 0 | CK11: =SUM(CA11:CJ11) -> 0 | CL11: 69 | CM11: 52 | CN11: =SUM(CO11:CV11) -> 6 | CO11: 0 | CP11: 0 | CQ11: 3 | CR11: 1 | CS11: 0 | CT11: 1 | CU11: 1 | CV11: 0 | CW11: 0 | CX11: 0 | CY11: 1 | CZ11: 0 | DA11: 0 | DB11: 0 | DC11: 0 | DD11: 0 | DE11: 1 | DF11: 0 | DG11: =SUM(CW11:DF11) -> 2 | DH11: 108 | DI11: 45 | DJ11: 103 | DK11: 39 | DL11: =SUM(DO11:DV11) -> 8 | DM11: =(DO11+DP11+DQ11+DS11+DT11+DU11) -> 1 | DN11: =DR11+DV11 -> 7 | DO11: 0 | DP11: 0 | DQ11: 1 | DR11: 1 | DS11: 0 | DT11: 0 | DU11: 0 | DV11: 6 | DW11: 0 | DX11: 1 | DY11: 2 | DZ11: 1 | EA11: 0 | EB11: 0 | EC11: 0 | ED11: 0 | EE11: 0 | EF11: 0 | EG11: =SUM(DW11:EF11) -> 4 | EH11: =DW11+DX11+DY11+EA11+EB11+EC11+EE11+EF11 -> 3 | EI11: 71 | EJ11: 41 | EK11: 69 | EL11: 38 | EM11: =SUM(EP11:EW11) -> 6 | EN11: =(EP11+EQ11+ER11+ET11+EU11+EV11) -> 1 | EO11: =ES11+EW11 -> 5 | EP11: 0 | EQ11: 0 | ER11: 0 | ES11: 5 | ET11: 0 | EU11: 0 | EV11: 1 | EW11: 0 | EX11: 0 | EY11: 0 | EZ11: 0 | FA11: 3 | FB11: 0 | FC11: 0 | FD11: 0 | FE11: 0 | FF11: 0 | FG11: 0 | FH11: =SUM(EX11:FG11) -> 3 | FI11: =EX11+EY11+EZ11+FB11+FC11+FD11 -> 0 | FJ11: 66 | FK11: 24 | FL11: 66 | FM11: 24 | FO11: 7 | FP11: =SUM(FS11:FZ11) -> 7 | FQ11: 0 | FR11: 7 | FS11: 0 | FT11: 0 | FU11: 0 | FV11: 5 | FW11: 0 | FX11: 0 | FY11: 0 | FZ11: 2 | GA11: 0 | GB11: 0 | GC11: 0 | GD11: 2 | GE11: 0 | GF11: 0 | GG11: 0 | GH11: 0 | GI11: 0 | GJ11: 0 | GK11: 2 | GL11: 0 | GM11: 64 | GN11: 24 | GO11: 54 | GP11: 15 | GR11: 8 | GS11: 0 | GT11: =GU11+GV11 -> 8 | GU11: =GW11+GX11+GY11+HA11+HB11+HC11 -> 0 | GV11: =GZ11+HD11 -> 8 | GW11: 0 | GX11: 0 | GY11: 0 | GZ11: 7 | HA11: 0 | HB11: 0 | HC11: 0 | HD11: 1 | HE11: 0 | HF11: 0 | HG11: 0 | HH11: 0 | HI11: 0 | HJ11: 0 | HK11: 0 | HL11: 0 | HM11: 0 | HN11: 0 | HT11: =H11 -> 3 | HU11: =P11 -> 9 | HV11: =X11 -> 7 | HW11: =AF11 -> 10 | HX11: =AN11 -> 8 | HY11: =AW11 -> 7 | HZ11: =BR11 -> 6 | IA11: =CN11 -> 6 | IB11: =DL11 -> 8 | IC11: =EM11 -> 6 | ID11: =FP11 -> 7 | IE11: =GT11 -> 8 | JB11: =SUM(I11:L11) -> 3 | JC11: =SUM(Q11:T11) -> 9 | JD11: =SUM(Y11:AB11) -> 7 | JE11: =SUM(AG11:AJ11) -> 10 | JF11: =SUM(AO11:AR11) -> 8 | JG11: =SUM(AX11:BE11) -> 7 | JH11: =SUM(BS11:BZ11) -> 6 | JI11: =SUM(CO11:CV11) -> 6 | JJ11: =SUM(DO11:DV11) -> 8 | JK11: =SUM(EP11:FA11) -> 9 | JL11: =SUM(FS11:FZ11) -> 7 | JM11: =SUM(GW11:HD11) -> 8 | JO11: =H11 -> 3 | JP11: 9 | JQ11: 7 | JR11: 10 | JS11: 8 | JV11: =IA11-JI11 -> 0 | JW11: =IB11-JJ11 -> 0 | JX11: =IC11-JK11 -> -3 | KB11: =JB11-JO11 -> 0 | KC11: =JC11-JP11 -> 0 | KD11: =JD11-JQ11 -> 0 | KE11: =JE11-JR11 -> 0 | KF11: =JF11-JS11 -> 0 | KG11: =JG11-JT11 -> 7 | KH11: =JH11-JU11 -> 6 | KI11: =JI11-JV11 -> 6 | ... KM11: =JM11-JZ11 -> 8
A12: 5 | B12: SEMARANG TENGAH | C12: 3374130 | D12: MIROTO | E12: Gabahan | F12: 7 | G12: 315 | H12: 3 | L12: 3 | M12: 0 | N12: 0 | O12: =H12-(M12+N12) -> 3 | P12: 3 | T12: 3 | U12: 0 | V12: 2 | W12: =P12-(U12+V12) -> 1 | X12: 2 | AB12: 2 | AC12: 0 | AD12: 0 | AE12: =X12-(AC12+AD12) -> 2 | AF12: 4 | AJ12: 4 | AK12: 0 | AL12: 1 | AM12: =AF12-(AK12+AL12) -> 3 | AN12: 3 | AO12: 1 | AR12: 2 | AS12: 0 | AT12: 0 | AU12: =AN12-(AS12+AT12) -> 3 | AV12: 258 | AW12: =SUM(AX12:BE12) -> 4 | AX12: 1 | AY12: 0 | AZ12: 1 | BA12: 2 | BB12: 0 | BC12: 0 | BD12: 0 | BE12: 0 | BF12: 0 | BG12: 0 | BH12: 0 | BI12: 0 | BJ12: 0 | BK12: 0 | BL12: 0 | BM12: 0 | BN12: 0 | BO12: 0 | BP12: =SUM(BF12:BO12) -> 0 | BQ12: 254 | BR12: =SUM(BS12:BZ12) -> 4 | BS12: 1 | BT12: 0 | BU12: 1 | BV12: 2 | BW12: 0 | BX12: 0 | BY12: 0 | BZ12: 0 | CA12: 0 | CB12: 0 | CC12: 0 | CD12: 0 | CE12: 0 | CF12: 0 | CG12: 0 | CH12: 0 | CI12: 0 | CJ12: 0 | CK12: =SUM(CA12:CJ12) -> 0 | CL12: 248 | CM12: 70 | CN12: =SUM(CO12:CV12) -> 5 | CO12: 1 | CP12: 0 | CQ12: 0 | CR12: 3 | CS12: 0 | CT12: 0 | CU12: 0 | CV12: 1 | CW12: 0 | CX12: 0 | CY12: 0 | CZ12: 0 | DA12: 0 | DB12: 0 | DC12: 0 | DD12: 0 | DE12: 0 | DF12: 0 | DG12: =SUM(CW12:DF12) -> 0 | DH12: 231 | DI12: 70 | DJ12: 231 | DK12: 70 | DL12: =SUM(DO12:DV12) -> 5 | DM12: =(DO12+DP12+DQ12+DS12+DT12+DU12) -> 1 | DN12: =DR12+DV12 -> 4 | DO12: 1 | DP12: 0 | DQ12: 0 | DR12: 4 | DS12: 0 | DT12: 0 | DU12: 0 | DV12: 0 | DW12: 0 | DX12: 0 | DY12: 0 | DZ12: 0 | EA12: 0 | EB12: 0 | EC12: 0 | ED12: 0 | EE12: 0 | EF12: 0 | EG12: =SUM(DW12:EF12) -> 0 | EH12: =DW12+DX12+DY12+EA12+EB12+EC12+EE12+EF12 -> 0 | EI12: 224 | EJ12: 70 | EK12: 224 | EL12: 70 | EM12: =SUM(EP12:EW12) -> 4 | EN12: =(EP12+EQ12+ER12+ET12+EU12+EV12) -> 1 | EO12: =ES12+EW12 -> 3 | EP12: 1 | EQ12: 0 | ER12: 0 | ES12: 3 | ET12: 0 | EU12: 0 | EV12: 0 | EW12: 0 | EX12: 0 | EY12: 0 | EZ12: 0 | FA12: 1 | FB12: 0 | FC12: 0 | FD12: 0 | FE12: 0 | FF12: 0 | FG12: 0 | FH12: =SUM(EX12:FG12) -> 1 | FI12: =EX12+EY12+EZ12+FB12+FC12+FD12 -> 0 | FJ12: 222 | FK12: 70 | FL12: 222 | FM12: 70 | FO12: 4 | FP12: =SUM(FS12:FZ12) -> 4 | FQ12: 1 | FR12: 3 | FS12: 1 | FT12: 0 | FU12: 0 | FV12: 3 | FW12: 0 | FX12: 0 | FY12: 0 | FZ12: 0 | GA12: 0 | GB12: 0 | GC12: 0 | GD12: 0 | GE12: 0 | GF12: 0 | GG12: 0 | GH12: 0 | GI12: 0 | GJ12: 0 | GK12: 0 | GL12: 0 | GM12: 214 | GN12: 64 | GO12: 214 | GP12: 64 | GR12: 3 | GS12: 0 | GT12: =GU12+GV12 -> 3 | GU12: =GW12+GX12+GY12+HA12+HB12+HC12 -> 0 | GV12: =GZ12+HD12 -> 3 | GW12: 0 | GX12: 0 | GY12: 0 | GZ12: 3 | HA12: 0 | HB12: 0 | HC12: 0 | HD12: 0 | HE12: 0 | HF12: 1 | HG12: 0 | HH12: 0 | HI12: 0 | HJ12: 0 | HK12: 0 | HL12: 0 | HM12: 0 | HN12: 0 | HO12: 0 | HP12: 1 | HT12: =H12 -> 3 | HU12: =P12 -> 3 | HV12: =X12 -> 2 | HW12: =AF12 -> 4 | HX12: =AN12 -> 3 | HY12: =AW12 -> 4 | HZ12: =BR12 -> 4 | IA12: =CN12 -> 5 | IB12: =DL12 -> 5 | IC12: =EM12 -> 4 | ID12: =FP12 -> 4 | IE12: =GT12 -> 3 | JB12: =SUM(I12:L12) -> 3 | JC12: =SUM(Q12:T12) -> 3 | JD12: =SUM(Y12:AB12) -> 2 | JE12: =SUM(AG12:AJ12) -> 4 | JF12: =SUM(AO12:AR12) -> 3 | JG12: =SUM(AX12:BE12) -> 4 | JH12: =SUM(BS12:BZ12) -> 4 | JI12: =SUM(CO12:CV12) -> 5 | JJ12: =SUM(DO12:DV12) -> 5 | JK12: =SUM(EP12:FA12) -> 5 | JL12: =SUM(FS12:FZ12) -> 4 | JM12: =SUM(GW12:HD12) -> 3 | JO12: =H12 -> 3 | JP12: 3 | JQ12: 2 | JR12: 4 | JS12: 3 | JV12: =IA12-JI12 -> 0 | JW12: =IB12-JJ12 -> 0 | JX12: =IC12-JK12 -> -1 | KB12: =JB12-JO12 -> 0 | KC12: =JC12-JP12 -> 0 | KD12: =JD12-JQ12 -> 0 | KE12: =JE12-JR12 -> 0 | KF12: =JF12-JS12 -> 0 | KG12: =JG12-JT12 -> 4 | KH12: =JH12-JU12 -> 4 | KI12: =JI12-JV12 -> 5 | ... KM12: =JM12-JZ12 -> 3
A13: 6 | B13: SEMARANG TENGAH | C13: 3374130 | D13: PONCOL | E13: Kembangsari | F13: 4 | G13: 158 | H13: 4 | I13: 1 | J13: 0 | K13: 0 | L13: 3 | M13: 1 | N13: 0 | O13: =H13-(M13+N13) -> 3 | P13: 8 | Q13: 2 | R13: 1 | S13: 0 | T13: 5 | U13: 4 | V13: 0 | W13: =P13-(U13+V13) -> 4 | X13: 6 | Y13: 1 | Z13: 1 | AA13: 0 | AB13: 4 | AC13: 0 | AD13: 1 | AE13: =X13-(AC13+AD13) -> 5 | AF13: 7 | AG13: 0 | AH13: 2 | AI13: 1 | AJ13: 4 | AK13: 1 | AL13: 0 | AM13: =AF13-(AK13+AL13) -> 6 | AN13: 5 | AO13: 0 | AP13: 2 | AQ13: 1 | AR13: 2 | AS13: 0 | AT13: 2 | AU13: =AN13-(AS13+AT13) -> 3 | AV13: 117 | AW13: =SUM(AX13:BE13) -> 4 | AX13: 0 | AY13: 1 | AZ13: 2 | BA13: 1 | BB13: 0 | BC13: 0 | BD13: 0 | BE13: 0 | BF13: 0 | BG13: 0 | BH13: 0 | BI13: 1 | BJ13: 0 | BK13: 0 | BL13: 0 | BM13: 0 | BN13: 0 | BO13: 0 | BP13: =SUM(BF13:BO13) -> 1 | BQ13: 115 | BR13: =SUM(BS13:BZ13) -> 3 | BS13: 0 | BT13: 1 | BU13: 1 | BV13: 1 | BW13: 0 | BX13: 0 | BY13: 0 | BZ13: 0 | CA13: 0 | CB13: 0 | CC13: 2 | CD13: 0 | CE13: 0 | CF13: 0 | CG13: 0 | CH13: 0 | CI13: 0 | CJ13: 0 | CK13: =SUM(CA13:CJ13) -> 2 | CL13: 110 | CM13: 48 | CN13: =SUM(CO13:CV13) -> 2 | CO13: 0 | CP13: 1 | CQ13: 0 | CR13: 1 | CS13: 0 | CT13: 0 | CU13: 0 | CV13: 0 | CW13: 0 | CX13: 0 | CY13: 1 | CZ13: 0 | DA13: 0 | DB13: 0 | DC13: 0 | DD13: 0 | DE13: 0 | DF13: 0 | DG13: =SUM(CW13:DF13) -> 1 | DH13: 109 | DI13: 47 | DJ13: 108 | DK13: 48 | DL13: =SUM(DO13:DV13) -> 12 | DM13: =(DO13+DP13+DQ13+DS13+DT13+DU13) -> 4 | DN13: =DR13+DV13 -> 8 | DO13: 0 | DP13: 0 | DQ13: 0 | DR13: 0 | DS13: 0 | DT13: 0 | DU13: 4 | DV13: 8 | DW13: 0 | DX13: 1 | DY13: 0 | DZ13: 1 | EA13: 0 | EB13: 0 | EC13: 0 | ED13: 0 | EE13: 0 | EF13: 0 | EG13: =SUM(DW13:EF13) -> 2 | EH13: =DW13+DX13+DY13+EA13+EB13+EC13+EE13+EF13 -> 1 | EI13: 106 | EJ13: 49 | EK13: 104 | EL13: 48 | EM13: =SUM(EP13:EW13) -> 5 | EN13: =(EP13+EQ13+ER13+ET13+EU13+EV13) -> 2 | EO13: =ES13+EW13 -> 3 | EP13: 0 | EQ13: 0 | ER13: 2 | ES13: 3 | ET13: 0 | EU13: 0 | EV13: 0 | EW13: 0 | EX13: 0 | EY13: 0 | EZ13: 1 | FA13: 5 | FB13: 0 | FC13: 0 | FD13: 0 | FE13: 0 | FF13: 1 | FG13: 0 | FH13: =SUM(EX13:FG13) -> 7 | FI13: =EX13+EY13+EZ13+FB13+FC13+FD13 -> 1 | FJ13: 98 | FK13: 31 | FL13: 98 | FM13: 31 | FO13: 5 | FP13: =SUM(FS13:FZ13) -> 5 | FQ13: 2 | FR13: 3 | FS13: 0 | FT13: 0 | FU13: 1 | FV13: 3 | FW13: 0 | FX13: 0 | FY13: 1 | FZ13: 0 | GA13: 0 | GB13: 0 | GC13: 1 | GD13: 0 | GE13: 0 | GF13: 0 | GG13: 0 | GH13: 0 | GI13: 0 | GJ13: 0 | GK13: 1 | GL13: 1 | GM13: 116 | GN13: 39 | GO13: 116 | GP13: 39 | GR13: 6 | GS13: 3 | GT13: =GU13+GV13 -> 6 | GU13: =GW13+GX13+GY13+HA13+HB13+HC13 -> 3 | GV13: =GZ13+HD13 -> 3 | GW13: 0 | GX13: 0 | GY13: 2 | GZ13: 3 | HA13: 0 | HB13: 0 | HC13: 1 | HD13: 0 | HE13: 0 | HF13: 0 | HG13: 0 | HH13: 0 | HI13: 0 | HJ13: 0 | HK13: 0 | HL13: 0 | HM13: 0 | HN13: 0 | HT13: =H13 -> 4 | HU13: =P13 -> 8 | HV13: =X13 -> 6 | HW13: =AF13 -> 7 | HX13: =AN13 -> 5 | HY13: =AW13 -> 4 | HZ13: =BR13 -> 3 | IA13: =CN13 -> 2 | IB13: =DL13 -> 12 | IC13: =EM13 -> 5 | ID13: =FP13 -> 5 | IE13: =GT13 -> 6 | JB13: =SUM(I13:L13) -> 4 | JC13: =SUM(Q13:T13) -> 8 | JD13: =SUM(Y13:AB13) -> 6 | JE13: =SUM(AG13:AJ13) -> 7 | JF13: =SUM(AO13:AR13) -> 5 | JG13: =SUM(AX13:BE13) -> 4 | JH13: =SUM(BS13:BZ13) -> 3 | JI13: =SUM(CO13:CV13) -> 2 | JJ13: =SUM(DO13:DV13) -> 12 | JK13: =SUM(EP13:FA13) -> 11 | JL13: =SUM(FS13:FZ13) -> 5 | JM13: =SUM(GW13:HD13) -> 6 | JO13: =H13 -> 4 | JP13: 8 | JQ13: 6 | JR13: 7 | JS13: 5 | JV13: =IA13-JI13 -> 0 | JW13: =IB13-JJ13 -> 0 | JX13: =IC13-JK13 -> -6 | KB13: =JB13-JO13 -> 0 | KC13: =JC13-JP13 -> 0 | KD13: =JD13-JQ13 -> 0 | KE13: =JE13-JR13 -> 0 | KF13: =JF13-JS13 -> 0 | KG13: =JG13-JT13 -> 4 | KH13: =JH13-JU13 -> 3 | KI13: =JI13-JV13 -> 2 | ... KM13: =JM13-JZ13 -> 6
A14: 7 | B14: SEMARANG TENGAH | C14: 3374130 | D14: PONCOL | E14: Sekayu | F14: 2 | G14: 136 | H14: 7 | I14: 0 | J14: 0 | K14: 3 | L14: 4 | M14: 3 | N14: 0 | O14: =H14-(M14+N14) -> 4 | P14: 9 | Q14: 0 | R14: 1 | S14: 4 | T14: 4 | U14: 4 | V14: 1 | W14: =P14-(U14+V14) -> 4 | X14: 11 | Y14: 0 | Z14: 3 | AA14: 4 | AB14: 4 | AC14: 1 | AD14: 0 | AE14: =X14-(AC14+AD14) -> 10 | AF14: 13 | AG14: 0 | AH14: 3 | AI14: 5 | AJ14: 5 | AK14: 2 | AL14: 0 | AM14: =AF14-(AK14+AL14) -> 11 | AN14: 11 | AO14: 0 | AP14: 1 | AQ14: 4 | AR14: 6 | AS14: 0 | AT14: 2 | AU14: =AN14-(AS14+AT14) -> 9 | AV14: 147 | AW14: =SUM(AX14:BE14) -> 11 | AX14: 0 | AY14: 1 | AZ14: 4 | BA14: 5 | BB14: 0 | BC14: 1 | BD14: 0 | BE14: 0 | BF14: 0 | BG14: 0 | BH14: 0 | BI14: 0 | BJ14: 0 | BK14: 0 | BL14: 0 | BM14: 0 | BN14: 1 | BO14: 0 | BP14: =SUM(BF14:BO14) -> 1 | BQ14: 140 | BR14: =SUM(BS14:BZ14) -> 6 | BS14: 0 | BT14: 1 | BU14: 2 | BV14: 3 | BW14: 0 | BX14: 0 | BY14: 0 | BZ14: 0 | CA14: 0 | CB14: 1 | CC14: 2 | CD14: 2 | CE14: 0 | CF14: 0 | CG14: 0 | CH14: 0 | CI14: 0 | CJ14: 0 | CK14: =SUM(CA14:CJ14) -> 5 | CL14: 131 | CM14: 46 | CN14: =SUM(CO14:CV14) -> 7 | CO14: 0 | CP14: 0 | CQ14: 2 | CR14: 4 | CS14: 0 | CT14: 1 | CU14: 0 | CV14: 0 | CW14: 0 | CX14: 0 | CY14: 0 | CZ14: 0 | DA14: 0 | DB14: 0 | DC14: 0 | DD14: 0 | DE14: 0 | DF14: 0 | DG14: =SUM(CW14:DF14) -> 0 | DH14: 122 | DI14: 41 | DJ14: 120 | DK14: 36 | DL14: =SUM(DO14:DV14) -> 13 | DM14: =(DO14+DP14+DQ14+DS14+DT14+DU14) -> 4 | DN14: =DR14+DV14 -> 9 | DO14: 0 | DP14: 0 | DQ14: 2 | DR14: 0 | DS14: 0 | DT14: 0 | DU14: 2 | DV14: 9 | DW14: 0 | DX14: 1 | DY14: 0 | DZ14: 4 | EA14: 0 | EB14: 0 | EC14: 0 | ED14: 0 | EE14: 0 | EF14: 0 | EG14: =SUM(DW14:EF14) -> 5 | EH14: =DW14+DX14+DY14+EA14+EB14+EC14+EE14+EF14 -> 1 | EI14: 125 | EJ14: 32 | EK14: 123 | EL14: 31 | EM14: =SUM(EP14:EW14) -> 10 | EN14: =(EP14+EQ14+ER14+ET14+EU14+EV14) -> 3 | EO14: =ES14+EW14 -> 7 | EP14: 0 | EQ14: 0 | ER14: 3 | ES14: 7 | ET14: 0 | EU14: 0 | EV14: 0 | EW14: 0 | EX14: 0 | EY14: 0 | EZ14: 0 | FA14: 3 | FB14: 0 | FC14: 0 | FD14: 0 | FE14: 0 | FF14: 0 | FG14: 0 | FH14: =SUM(EX14:FG14) -> 3 | FI14: =EX14+EY14+EZ14+FB14+FC14+FD14 -> 0 | FJ14: 132 | FK14: 24 | FL14: 132 | FM14: 24 | FO14: 3 | FP14: =SUM(FS14:FZ14) -> 3 | FQ14: 3 | FR14: 0 | FS14: 0 | FT14: 0 | FU14: 2 | FV14: 0 | FW14: 0 | FX14: 0 | FY14: 1 | FZ14: 0 | GA14: 0 | GB14: 0 | GC14: 1 | GD14: 7 | GE14: 0 | GF14: 0 | GG14: 0 | GH14: 0 | GI14: 0 | GJ14: 0 | GK14: 8 | GL14: 1 | GM14: 156 | GN14: 47 | GO14: 156 | GP14: 47 | GR14: 1 | GS14: 1 | GT14: =GU14+GV14 -> 1 | GU14: =GW14+GX14+GY14+HA14+HB14+HC14 -> 1 | GV14: =GZ14+HD14 -> 0 | GW14: 0 | GX14: 0 | GY14: 1 | GZ14: 0 | HA14: 0 | HB14: 0 | HC14: 0 | HD14: 0 | HE14: 0 | HF14: 0 | HG14: 2 | HH14: 0 | HI14: 0 | HJ14: 0 | HK14: 0 | HL14: 0 | HM14: 0 | HN14: 0 | HT14: =H14 -> 7 | HU14: =P14 -> 9 | HV14: =X14 -> 11 | HW14: =AF14 -> 13 | HX14: =AN14 -> 11 | HY14: =AW14 -> 11 | HZ14: =BR14 -> 6 | IA14: =CN14 -> 7 | IB14: =DL14 -> 13 | IC14: =EM14 -> 10 | ID14: =FP14 -> 3 | IE14: =GT14 -> 1 | JB14: =SUM(I14:L14) -> 7 | JC14: =SUM(Q14:T14) -> 9 | JD14: =SUM(Y14:AB14) -> 11 | JE14: =SUM(AG14:AJ14) -> 13 | JF14: =SUM(AO14:AR14) -> 11 | JG14: =SUM(AX14:BE14) -> 11 | JH14: =SUM(BS14:BZ14) -> 6 | JI14: =SUM(CO14:CV14) -> 7 | JJ14: =SUM(DO14:DV14) -> 13 | JK14: =SUM(EP14:FA14) -> 13 | JL14: =SUM(FS14:FZ14) -> 3 | JM14: =SUM(GW14:HD14) -> 1 | JO14: =H14 -> 7 | JP14: 9 | JQ14: 11 | JR14: 13 | JS14: 11 | JV14: =IA14-JI14 -> 0 | JW14: =IB14-JJ14 -> 0 | JX14: =IC14-JK14 -> -3 | KB14: =JB14-JO14 -> 0 | KC14: =JC14-JP14 -> 0 | KD14: =JD14-JQ14 -> 0 | KE14: =JE14-JR14 -> 0 | KF14: =JF14-JS14 -> 0 | KG14: =JG14-JT14 -> 11 | KH14: =JH14-JU14 -> 6 | KI14: =JI14-JV14 -> 7 | ... KM14: =JM14-JZ14 -> 1
A15: 8 | B15: SEMARANG TENGAH | C15: 3374130 | D15: PONCOL | E15: Pandansari | F15: 4 | G15: 101 | H15: 5 | I15: 0 | J15: 1 | K15: 1 | L15: 3 | M15: 2 | N15: 0 | O15: =H15-(M15+N15) -> 3 | P15: 7 | Q15: 0 | R15: 1 | S15: 3 | T15: 3 | U15: 0 | V15: 0 | W15: =P15-(U15+V15) -> 7 | X15: 5 | Y15: 0 | Z15: 0 | AA15: 2 | AB15: 3 | AC15: 0 | AD15: 0 | AE15: =X15-(AC15+AD15) -> 5 | AF15: 5 | AG15: 0 | AH15: 0 | AI15: 2 | AJ15: 3 | AK15: 0 | AL15: 0 | AM15: =AF15-(AK15+AL15) -> 5 | AN15: 3 | AO15: 0 | AP15: 0 | AQ15: 1 | AR15: 2 | AS15: 0 | AT15: 2 | AU15: =AN15-(AS15+AT15) -> 1 | AV15: 88 | AW15: =SUM(AX15:BE15) -> 3 | AX15: 0 | AY15: 0 | AZ15: 1 | BA15: 1 | BB15: 0 | BC15: 0 | BD15: 1 | BE15: 0 | BF15: 0 | BG15: 0 | BH15: 0 | BI15: 1 | BJ15: 0 | BK15: 0 | BL15: 0 | BM15: 0 | BN15: 0 | BO15: 0 | BP15: =SUM(BF15:BO15) -> 1 | BQ15: 87 | BR15: =SUM(BS15:BZ15) -> 2 | BS15: 0 | BT15: 0 | BU15: 1 | BV15: 1 | BW15: 0 | BX15: 0 | BY15: 0 | BZ15: 0 | CA15: 0 | CB15: 1 | CC15: 0 | CD15: 0 | CE15: 0 | CF15: 0 | CG15: 0 | CH15: 0 | CI15: 0 | CJ15: 0 | CK15: =SUM(CA15:CJ15) -> 1 | CL15: 89 | CM15: 44 | CN15: =SUM(CO15:CV15) -> 8 | CO15: 0 | CP15: 0 | CQ15: 1 | CR15: 1 | CS15: 0 | CT15: 0 | CU15: 3 | CV15: 3 | CW15: 0 | CX15: 0 | CY15: 0 | CZ15: 0 | DA15: 0 | DB15: 0 | DC15: 0 | DD15: 0 | DE15: 0 | DF15: 0 | DG15: =SUM(CW15:DF15) -> 0 | DH15: 80 | DI15: 33 | DJ15: 77 | DK15: 39 | DL15: =SUM(DO15:DV15) -> 6 | DM15: =(DO15+DP15+DQ15+DS15+DT15+DU15) -> 4 | DN15: =DR15+DV15 -> 2 | DO15: 0 | DP15: 0 | DQ15: 4 | DR15: 2 | DS15: 0 | DT15: 0 | DU15: 0 | DV15: 0 | DW15: 0 | DX15: 0 | DY15: 0 | DZ15: 1 | EA15: 0 | EB15: 0 | EC15: 0 | ED15: 1 | EE15: 0 | EF15: 0 | EG15: =SUM(DW15:EF15) -> 2 | EH15: =DW15+DX15+DY15+EA15+EB15+EC15+EE15+EF15 -> 0 | EI15: 87 | EJ15: 42 | EK15: 84 | EL15: 40 | EM15: =SUM(EP15:EW15) -> 5 | EN15: =(EP15+EQ15+ER15+ET15+EU15+EV15) -> 2 | EO15: =ES15+EW15 -> 3 | EP15: 0 | EQ15: 0 | ER15: 2 | ES15: 3 | ET15: 0 | EU15: 0 | EV15: 0 | EW15: 0 | EX15: 0 | EY15: 0 | EZ15: 1 | FA15: 0 | FB15: 0 | FC15: 0 | FD15: 0 | FE15: 0 | FF15: 0 | FG15: 0 | FH15: =SUM(EX15:FG15) -> 1 | FI15: =EX15+EY15+EZ15+FB15+FC15+FD15 -> 1 | FJ15: 83 | FK15: 28 | FL15: 81 | FM15: 27 | FO15: 5 | FP15: =SUM(FS15:FZ15) -> 5 | FQ15: 2 | FR15: 3 | FS15: 0 | FT15: 0 | FU15: 2 | FV15: 3 | FW15: 0 | FX15: 0 | FY15: 0 | FZ15: 0 | GA15: 0 | GB15: 0 | GC15: 0 | GD15: 0 | GE15: 0 | GF15: 0 | GG15: 0 | GH15: 0 | GI15: 0 | GJ15: 0 | GK15: 0 | GL15: 0 | GM15: 84 | GN15: 29 | GO15: 72 | GP15: 25 | GR15: 4 | GS15: 1 | GT15: =GU15+GV15 -> 4 | GU15: =GW15+GX15+GY15+HA15+HB15+HC15 -> 1 | GV15: =GZ15+HD15 -> 3 | GW15: 0 | GX15: 0 | GY15: 1 | GZ15: 3 | HA15: 0 | HB15: 0 | HC15: 0 | HD15: 0 | HE15: 0 | HF15: 0 | HG15: 1 | HH15: 1 | HI15: 0 | HJ15: 0 | HK15: 0 | HL15: 0 | HM15: 0 | HN15: 0 | HT15: =H15 -> 5 | HU15: =P15 -> 7 | HV15: =X15 -> 5 | HW15: =AF15 -> 5 | HX15: =AN15 -> 3 | HY15: =AW15 -> 3 | HZ15: =BR15 -> 2 | IA15: =CN15 -> 8 | IB15: =DL15 -> 6 | IC15: =EM15 -> 5 | ID15: =FP15 -> 5 | IE15: =GT15 -> 4 | JB15: =SUM(I15:L15) -> 5 | JC15: =SUM(Q15:T15) -> 7 | JD15: =SUM(Y15:AB15) -> 5 | JE15: =SUM(AG15:AJ15) -> 5 | JF15: =SUM(AO15:AR15) -> 3 | JG15: =SUM(AX15:BE15) -> 3 | JH15: =SUM(BS15:BZ15) -> 2 | JI15: =SUM(CO15:CV15) -> 8 | JJ15: =SUM(DO15:DV15) -> 6 | JK15: =SUM(EP15:FA15) -> 6 | JL15: =SUM(FS15:FZ15) -> 5 | JM15: =SUM(GW15:HD15) -> 4 | JO15: =H15 -> 5 | JP15: 7 | JQ15: 5 | JR15: 5 | JS15: 3 | JV15: =IA15-JI15 -> 0 | JW15: =IB15-JJ15 -> 0 | JX15: =IC15-JK15 -> -1 | KB15: =JB15-JO15 -> 0 | KC15: =JC15-JP15 -> 0 | KD15: =JD15-JQ15 -> 0 | KE15: =JE15-JR15 -> 0 | KF15: =JF15-JS15 -> 0 | KG15: =JG15-JT15 -> 3 | KH15: =JH15-JU15 -> 2 | KI15: =JI15-JV15 -> 8 | ... KM15: =JM15-JZ15 -> 4
A16: 9 | B16: SEMARANG TENGAH | C16: 3374130 | D16: PONCOL | E16: Bangunharjo | F16: 3 | G16: 99 | H16: 8 | I16: 0 | J16: 1 | K16: 0 | L16: 7 | M16: 4 | N16: 0 | O16: =H16-(M16+N16) -> 4 | P16: 12 | Q16: 1 | R16: 0 | S16: 1 | T16: 10 | U16: 4 | V16: 0 | W16: =P16-(U16+V16) -> 8 | X16: 10 | Y16: 1 | Z16: 0 | AA16: 2 | AB16: 7 | AC16: 1 | AD16: 3 | AE16: =X16-(AC16+AD16) -> 6 | AF16: 10 | AG16: 1 | AH16: 1 | AI16: 1 | AJ16: 7 | AK16: 1 | AL16: 1 | AM16: =AF16-(AK16+AL16) -> 8 | AN16: 7 | AO16: 1 | AP16: 1 | AQ16: 1 | AR16: 4 | AS16: 0 | AT16: 3 | AU16: =AN16-(AS16+AT16) -> 4 | AV16: 69 | AW16: =SUM(AX16:BE16) -> 6 | AX16: 0 | AY16: 1 | AZ16: 1 | BA16: 4 | BB16: 0 | BC16: 0 | BD16: 0 | BE16: 0 | BF16: 1 | BG16: 0 | BH16: 0 | BI16: 0 | BJ16: 0 | BK16: 0 | BL16: 0 | BM16: 0 | BN16: 0 | BO16: 0 | BP16: =SUM(BF16:BO16) -> 1 | BQ16: 66 | BR16: =SUM(BS16:BZ16) -> 6 | BS16: 0 | BT16: 1 | BU16: 1 | BV16: 4 | BW16: 0 | BX16: 0 | BY16: 0 | BZ16: 0 | CA16: 0 | CB16: 0 | CC16: 0 | CD16: 0 | CE16: 0 | CF16: 0 | CG16: 0 | CH16: 0 | CI16: 0 | CJ16: 0 | CK16: =SUM(CA16:CJ16) -> 0 | CL16: 66 | CM16: 33 | CN16: =SUM(CO16:CV16) -> 5 | CO16: 0 | CP16: 0 | CQ16: 1 | CR16: 4 | CS16: 0 | CT16: 0 | CU16: 0 | CV16: 0 | CW16: 0 | CX16: 0 | CY16: 0 | CZ16: 1 | DA16: 0 | DB16: 0 | DC16: 0 | DD16: 0 | DE16: 0 | DF16: 0 | DG16: =SUM(CW16:DF16) -> 1 | DH16: 63 | DI16: 26 | DJ16: 60 | DK16: 24 | DL16: =SUM(DO16:DV16) -> 4 | DM16: =(DO16+DP16+DQ16+DS16+DT16+DU16) -> 1 | DN16: =DR16+DV16 -> 3 | DO16: 0 | DP16: 0 | DQ16: 0 | DR16: 1 | DS16: 1 | DT16: 0 | DU16: 0 | DV16: 2 | DW16: 0 | DX16: 0 | DY16: 1 | DZ16: 3 | EA16: 0 | EB16: 0 | EC16: 0 | ED16: 0 | EE16: 0 | EF16: 0 | EG16: =SUM(DW16:EF16) -> 4 | EH16: =DW16+DX16+DY16+EA16+EB16+EC16+EE16+EF16 -> 1 | EI16: 60 | EJ16: 21 | EK16: 57 | EL16: 18 | EM16: =SUM(EP16:EW16) -> 0 | EN16: =(EP16+EQ16+ER16+ET16+EU16+EV16) -> 0 | EO16: =ES16+EW16 -> 0 | EP16: 0 | EQ16: 0 | ER16: 0 | ES16: 0 | ET16: 0 | EU16: 0 | EV16: 0 | EW16: 0 | EX16: 1 | EY16: 0 | EZ16: 0 | FA16: 2 | FB16: 0 | FC16: 0 | FD16: 0 | FE16: 0 | FF16: 1 | FG16: 0 | FH16: =SUM(EX16:FG16) -> 4 | FI16: =EX16+EY16+EZ16+FB16+FC16+FD16 -> 1 | FJ16: 69 | FK16: 17 | FL16: 69 | FM16: 17 | FO16: 1 | FP16: =SUM(FS16:FZ16) -> 1 | FQ16: 0 | FR16: 1 | FS16: 0 | FT16: 0 | FU16: 0 | FV16: 1 | FW16: 0 | FX16: 0 | FY16: 0 | FZ16: 0 | GA16: 0 | GB16: 0 | GC16: 0 | GD16: 0 | GE16: 0 | GF16: 0 | GG16: 0 | GH16: 0 | GI16: 0 | GJ16: 0 | GK16: 0 | GL16: 0 | GM16: 74 | GN16: 19 | GO16: 73 | GP16: 19 | GR16: 1 | GS16: 0 | GT16: =GU16+GV16 -> 1 | GU16: =GW16+GX16+GY16+HA16+HB16+HC16 -> 0 | GV16: =GZ16+HD16 -> 1 | GW16: 0 | GX16: 0 | GY16: 0 | GZ16: 1 | HA16: 0 | HB16: 0 | HC16: 0 | HD16: 0 | HE16: 0 | HF16: 0 | HG16: 0 | HH16: 0 | HI16: 0 | HJ16: 0 | HK16: 0 | HL16: 0 | HM16: 0 | HN16: 0 | HT16: =H16 -> 8 | HU16: =P16 -> 12 | HV16: =X16 -> 10 | HW16: =AF16 -> 10 | HX16: =AN16 -> 7 | HY16: =AW16 -> 6 | HZ16: =BR16 -> 6 | IA16: =CN16 -> 5 | IB16: =DL16 -> 4 | IC16: =EM16 -> 0 | ID16: =FP16 -> 1 | IE16: =GT16 -> 1 | JB16: =SUM(I16:L16) -> 8 | JC16: =SUM(Q16:T16) -> 12 | JD16: =SUM(Y16:AB16) -> 10 | JE16: =SUM(AG16:AJ16) -> 10 | JF16: =SUM(AO16:AR16) -> 7 | JG16: =SUM(AX16:BE16) -> 6 | JH16: =SUM(BS16:BZ16) -> 6 | JI16: =SUM(CO16:CV16) -> 5 | JJ16: =SUM(DO16:DV16) -> 4 | JK16: =SUM(EP16:FA16) -> 3 | JL16: =SUM(FS16:FZ16) -> 1 | JM16: =SUM(GW16:HD16) -> 1 | JO16: =H16 -> 8 | JP16: 12 | JQ16: 10 | JR16: 10 | JS16: 7 | JV16: =IA16-JI16 -> 0 | JW16: =IB16-JJ16 -> 0 | JX16: =IC16-JK16 -> -3 | KB16: =JB16-JO16 -> 0 | KC16: =JC16-JP16 -> 0 | KD16: =JD16-JQ16 -> 0 | KE16: =JE16-JR16 -> 0 | KF16: =JF16-JS16 -> 0 | KG16: =JG16-JT16 -> 6 | KH16: =JH16-JU16 -> 6 | KI16: =JI16-JV16 -> 5 | ... KM16: =JM16-JZ16 -> 1
A17: 10 | B17: SEMARANG TENGAH | C17: 3374130 | D17: PONCOL | E17: Kauman | F17: 3 | G17: 119 | H17: 8 | I17: 0 | J17: 0 | K17: 0 | L17: 8 | M17: 3 | N17: 0 | O17: =H17-(M17+N17) -> 5 | P17: 8 | Q17: 0 | R17: 0 | S17: 0 | T17: 8 | U17: 5 | V17: 3 | W17: =P17-(U17+V17) -> 0 | X17: 10 | Y17: 1 | Z17: 0 | AA17: 1 | AB17: 8 | AC17: 1 | AD17: 1 | AE17: =X17-(AC17+AD17) -> 8 | AF17: 10 | AG17: 0 | AH17: 1 | AI17: 1 | AJ17: 8 | AK17: 0 | AL17: 0 | AM17: =AF17-(AK17+AL17) -> 10 | AN17: 10 | AO17: 0 | AP17: 1 | AQ17: 0 | AR17: 9 | AS17: 0 | AT17: 0 | AU17: =AN17-(AS17+AT17) -> 10 | AV17: 95 | AW17: =SUM(AX17:BE17) -> 11 | AX17: 0 | AY17: 1 | AZ17: 0 | BA17: 9 | BB17: 0 | BC17: 1 | BD17: 0 | BE17: 0 | BF17: 0 | BG17: 0 | BH17: 0 | BI17: 0 | BJ17: 0 | BK17: 0 | BL17: 0 | BM17: 0 | BN17: 0 | BO17: 0 | BP17: =SUM(BF17:BO17) -> 0 | BQ17: 95 | BR17: =SUM(BS17:BZ17) -> 7 | BS17: 0 | BT17: 1 | BU17: 0 | BV17: 6 | BW17: 0 | BX17: 0 | BY17: 0 | BZ17: 0 | CA17: 0 | CB17: 0 | CC17: 0 | CD17: 3 | CE17: 0 | CF17: 0 | CG17: 0 | CH17: 0 | CI17: 0 | CJ17: 0 | CK17: =SUM(CA17:CJ17) -> 3 | CL17: 87 | CM17: 26 | CN17: =SUM(CO17:CV17) -> 6 | CO17: 0 | CP17: 1 | CQ17: 0 | CR17: 5 | CS17: 0 | CT17: 0 | CU17: 0 | CV17: 0 | CW17: 0 | CX17: 0 | CY17: 0 | CZ17: 1 | DA17: 0 | DB17: 0 | DC17: 0 | DD17: 0 | DE17: 0 | DF17: 0 | DG17: =SUM(CW17:DF17) -> 1 | DH17: 78 | DI17: 24 | DJ17: 76 | DK17: 21 | DL17: =SUM(DO17:DV17) -> 4 | DM17: =(DO17+DP17+DQ17+DS17+DT17+DU17) -> 1 | DN17: =DR17+DV17 -> 3 | DO17: 0 | DP17: 0 | DQ17: 0 | DR17: 3 | DS17: 0 | DT17: 0 | DU17: 1 | DV17: 0 | DW17: 0 | DX17: 1 | DY17: 0 | DZ17: 2 | EA17: 0 | EB17: 0 | EC17: 0 | ED17: 0 | EE17: 0 | EF17: 0 | EG17: =SUM(DW17:EF17) -> 3 | EH17: =DW17+DX17+DY17+EA17+EB17+EC17+EE17+EF17 -> 1 | EI17: 81 | EJ17: 20 | EK17: 78 | EL17: 20 | EM17: =SUM(EP17:EW17) -> 4 | EN17: =(EP17+EQ17+ER17+ET17+EU17+EV17) -> 1 | EO17: =ES17+EW17 -> 3 | EP17: 0 | EQ17: 0 | ER17: 1 | ES17: 3 | ET17: 0 | EU17: 0 | EV17: 0 | EW17: 0 | EX17: 0 | EY17: 0 | EZ17: 0 | FA17: 0 | FB17: 0 | FC17: 0 | FD17: 0 | FE17: 0 | FF17: 0 | FG17: 0 | FH17: =SUM(EX17:FG17) -> 0 | FI17: =EX17+EY17+EZ17+FB17+FC17+FD17 -> 0 | FJ17: 77 | FK17: 12 | FL17: 72 | FM17: 11 | FO17: 3 | FP17: =SUM(FS17:FZ17) -> 3 | FQ17: 1 | FR17: 2 | FS17: 0 | FT17: 0 | FU17: 1 | FV17: 2 | FW17: 0 | FX17: 0 | FY17: 0 | FZ17: 0 | GA17: 0 | GB17: 0 | GC17: 0 | GD17: 1 | GE17: 0 | GF17: 0 | GG17: 0 | GH17: 0 | GI17: 0 | GJ17: 0 | GK17: 1 | GL17: 0 | GM17: 77 | GN17: 11 | GO17: 58 | GP17: 10 | GR17: 4 | GS17: 1 | GT17: =GU17+GV17 -> 4 | GU17: =GW17+GX17+GY17+HA17+HB17+HC17 -> 1 | GV17: =GZ17+HD17 -> 3 | GW17: 0 | GX17: 0 | GY17: 1 | GZ17: 3 | HA17: 0 | HB17: 0 | HC17: 0 | HD17: 0 | HE17: 0 | HF17: 0 | HG17: 0 | HH17: 0 | HI17: 0 | HJ17: 0 | HK17: 0 | HL17: 0 | HM17: 0 | HN17: 0 | HT17: =H17 -> 8 | HU17: =P17 -> 8 | HV17: =X17 -> 10 | HW17: =AF17 -> 10 | HX17: =AN17 -> 10 | HY17: =AW17 -> 11 | HZ17: =BR17 -> 7 | IA17: =CN17 -> 6 | IB17: =DL17 -> 4 | IC17: =EM17 -> 4 | ID17: =FP17 -> 3 | IE17: =GT17 -> 4 | JB17: =SUM(I17:L17) -> 8 | JC17: =SUM(Q17:T17) -> 8 | JD17: =SUM(Y17:AB17) -> 10 | JE17: =SUM(AG17:AJ17) -> 10 | JF17: =SUM(AO17:AR17) -> 10 | JG17: =SUM(AX17:BE17) -> 11 | JH17: =SUM(BS17:BZ17) -> 7 | JI17: =SUM(CO17:CV17) -> 6 | JJ17: =SUM(DO17:DV17) -> 4 | JK17: =SUM(EP17:FA17) -> 4 | JL17: =SUM(FS17:FZ17) -> 3 | JM17: =SUM(GW17:HD17) -> 4 | JO17: =H17 -> 8 | JP17: 8 | JQ17: 10 | JR17: 10 | JS17: 10 | JV17: =IA17-JI17 -> 0 | JW17: =IB17-JJ17 -> 0 | JX17: =IC17-JK17 -> 0 | KB17: =JB17-JO17 -> 0 | KC17: =JC17-JP17 -> 0 | KD17: =JD17-JQ17 -> 0 | KE17: =JE17-JR17 -> 0 | KF17: =JF17-JS17 -> 0 | KG17: =JG17-JT17 -> 11 | KH17: =JH17-JU17 -> 7 | KI17: =JI17-JV17 -> 6 | ... KM17: =JM17-JZ17 -> 4
A18: 11 | B18: SEMARANG TENGAH | C18: 3374130 | D18: PONCOL | E18: Purwodinatan | F18: 6 | G18: 136 | H18: 7 | I18: 0 | J18: 0 | K18: 1 | L18: 6 | M18: 6 | N18: 0 | O18: =H18-(M18+N18) -> 1 | P18: 17 | Q18: 0 | R18: 0 | S18: 6 | T18: 11 | U18: 5 | V18: 3 | W18: =P18-(U18+V18) -> 9 | X18: 17 | Y18: 2 | Z18: 0 | AA18: 4 | AB18: 11 | AC18: 2 | AD18: 0 | AE18: =X18-(AC18+AD18) -> 15 | AF18: 18 | AG18: 2 | AH18: 0 | AI18: 3 | AJ18: 13 | AK18: 1 | AL18: 0 | AM18: =AF18-(AK18+AL18) -> 17 | AN18: 14 | AO18: 2 | AP18: 0 | AQ18: 3 | AR18: 9 | AS18: 0 | AT18: 4 | AU18: =AN18-(AS18+AT18) -> 10 | AV18: 197 | AW18: =SUM(AX18:BE18) -> 13 | AX18: 2 | AY18: 0 | AZ18: 3 | BA18: 8 | BB18: 0 | BC18: 0 | BD18: 0 | BE18: 0 | BF18: 0 | BG18: 0 | BH18: 0 | BI18: 1 | BJ18: 0 | BK18: 0 | BL18: 0 | BM18: 0 | BN18: 0 | BO18: 0 | BP18: =SUM(BF18:BO18) -> 1 | BQ18: 189 | BR18: =SUM(BS18:BZ18) -> 11 | BS18: 1 | BT18: 1 | BU18: 1 | BV18: 6 | BW18: 1 | BX18: 0 | BY18: 1 | BZ18: 0 | CA18: 0 | CB18: 0 | CC18: 1 | CD18: 2 | CE18: 0 | CF18: 0 | CG18: 0 | CH18: 0 | CI18: 1 | CJ18: 0 | CK18: =SUM(CA18:CJ18) -> 4 | CL18: 178 | CM18: 61 | CN18: =SUM(CO18:CV18) -> 10 | CO18: 1 | CP18: 2 | CQ18: 1 | CR18: 5 | CS18: 0 | CT18: 0 | CU18: 1 | CV18: 0 | CW18: 0 | CX18: 0 | CY18: 1 | CZ18: 1 | DA18: 0 | DB18: 0 | DC18: 0 | DD18: 0 | DE18: 0 | DF18: 0 | DG18: =SUM(CW18:DF18) -> 2 | DH18: 179 | DI18: 80 | DJ18: 176 | DK18: 59 | DL18: =SUM(DO18:DV18) -> 9 | DM18: =(DO18+DP18+DQ18+DS18+DT18+DU18) -> 4 | DN18: =DR18+DV18 -> 5 | DO18: 0 | DP18: 0 | DQ18: 0 | DR18: 3 | DS18: 0 | DT18: 1 | DU18: 3 | DV18: 2 | DW18: 1 | DX18: 2 | DY18: 2 | DZ18: 2 | EA18: 0 | EB18: 0 | EC18: 0 | ED18: 0 | EE18: 0 | EF18: 0 | EG18: =SUM(DW18:EF18) -> 7 | EH18: =DW18+DX18+DY18+EA18+EB18+EC18+EE18+EF18 -> 5 | EI18: 188 | EJ18: 67 | EK18: 182 | EL18: 63 | EM18: =SUM(EP18:EW18) -> 7 | EN18: =(EP18+EQ18+ER18+ET18+EU18+EV18) -> 2 | EO18: =ES18+EW18 -> 5 | EP18: 0 | EQ18: 0 | ER18: 2 | ES18: 4 | ET18: 0 | EU18: 0 | EV18: 0 | EW18: 1 | EX18: 0 | EY18: 0 | EZ18: 1 | FA18: 2 | FB18: 0 | FC18: 0 | FD18: 0 | FE18: 0 | FF18: 0 | FG18: 0 | FH18: =SUM(EX18:FG18) -> 3 | FI18: =EX18+EY18+EZ18+FB18+FC18+FD18 -> 1 | FJ18: 206 | FK18: 51 | FL18: 194 | FM18: 50 | FO18: 5 | FP18: =SUM(FS18:FZ18) -> 5 | FQ18: 2 | FR18: 3 | FS18: 0 | FT18: 0 | FU18: 1 | FV18: 3 | FW18: 0 | FX18: 0 | FY18: 1 | FZ18: 0 | GA18: 0 | GB18: 1 | GC18: 0 | GD18: 2 | GE18: 0 | GF18: 0 | GG18: 0 | GH18: 0 | GI18: 0 | GJ18: 0 | GK18: 3 | GL18: 1 | GM18: 219 | GN18: 58 | GO18: 219 | GP18: 58 | GR18: 8 | GS18: 2 | GT18: =GU18+GV18 -> 8 | GU18: =GW18+GX18+GY18+HA18+HB18+HC18 -> 2 | GV18: =GZ18+HD18 -> 6 | GW18: 0 | GX18: 0 | GY18: 1 | GZ18: 3 | HA18: 0 | HB18: 0 | HC18: 1 | HD18: 3 | HE18: 0 | HF18: 0 | HG18: 0 | HH18: 0 | HI18: 0 | HJ18: 0 | HK18: 0 | HL18: 0 | HM18: 1 | HN18: 0 | HT18: =H18 -> 7 | HU18: =P18 -> 17 | HV18: =X18 -> 17 | HW18: =AF18 -> 18 | HX18: =AN18 -> 14 | HY18: =AW18 -> 13 | HZ18: =BR18 -> 11 | IA18: =CN18 -> 10 | IB18: =DL18 -> 9 | IC18: =EM18 -> 7 | ID18: =FP18 -> 5 | IE18: =GT18 -> 8 | JB18: =SUM(I18:L18) -> 7 | JC18: =SUM(Q18:T18) -> 17 | JD18: =SUM(Y18:AB18) -> 17 | JE18: =SUM(AG18:AJ18) -> 18 | JF18: =SUM(AO18:AR18) -> 14 | JG18: =SUM(AX18:BE18) -> 13 | JH18: =SUM(BS18:BZ18) -> 11 | JI18: =SUM(CO18:CV18) -> 10 | JJ18: =SUM(DO18:DV18) -> 9 | JK18: =SUM(EP18:FA18) -> 10 | JL18: =SUM(FS18:FZ18) -> 5 | JM18: =SUM(GW18:HD18) -> 8 | JO18: =H18 -> 7 | JP18: 17 | JQ18: 17 | JR18: 18 | JS18: 14 | JV18: =IA18-JI18 -> 0 | JW18: =IB18-JJ18 -> 0 | JX18: =IC18-JK18 -> -3 | KB18: =JB18-JO18 -> 0 | KC18: =JC18-JP18 -> 0 | KD18: =JD18-JQ18 -> 0 | KE18: =JE18-JR18 -> 0 | KF18: =JF18-JS18 -> 0 | KG18: =JG18-JT18 -> 13 | KH18: =JH18-JU18 -> 11 | KI18: =JI18-JV18 -> 10 | ... KM18: =JM18-JZ18 -> 8
A19: 12 | B19: SEMARANG TENGAH | C19: 3374130 | D19: MIROTO | E19: Karangkidul | F19: 4 | G19: 179 | H19: 3 | L19: 3 | M19: 0 | N19: 0 | O19: =H19-(M19+N19) -> 3 | P19: 1 | T19: 1 | U19: 0 | V19: 0 | W19: =P19-(U19+V19) -> 1 | X19: 3 | AB19: 3 | AC19: 0 | AD19: 0 | AE19: =X19-(AC19+AD19) -> 3 | AF19: 3 | AJ19: 3 | AK19: 0 | AL19: 0 | AM19: =AF19-(AK19+AL19) -> 3 | AN19: 3 | AR19: 3 | AS19: 0 | AT19: 0 | AU19: =AN19-(AS19+AT19) -> 3 | AV19: 188 | AW19: =SUM(AX19:BE19) -> 3 | AX19: 0 | AY19: 0 | AZ19: 0 | BA19: 3 | BB19: 0 | BC19: 0 | BD19: 0 | BE19: 0 | BF19: 0 | BG19: 0 | BH19: 0 | BI19: 1 | BJ19: 0 | BK19: 0 | BL19: 0 | BM19: 0 | BN19: 0 | BO19: 0 | BP19: =SUM(BF19:BO19) -> 1 | BQ19: 185 | BR19: =SUM(BS19:BZ19) -> 3 | BS19: 0 | BT19: 0 | BU19: 0 | BV19: 3 | BW19: 0 | BX19: 0 | BY19: 0 | BZ19: 0 | CA19: 0 | CB19: 0 | CC19: 0 | CD19: 0 | CE19: 0 | CF19: 0 | CG19: 0 | CH19: 0 | CI19: 0 | CJ19: 0 | CK19: =SUM(CA19:CJ19) -> 0 | CL19: 177 | CM19: 66 | CN19: =SUM(CO19:CV19) -> 7 | CO19: 0 | CP19: 0 | CQ19: 0 | CR19: 3 | CS19: 0 | CT19: 1 | CU19: 1 | CV19: 2 | CW19: 0 | CX19: 0 | CY19: 0 | CZ19: 1 | DA19: 0 | DB19: 0 | DC19: 0 | DD19: 0 | DE19: 0 | DF19: 0 | DG19: =SUM(CW19:DF19) -> 1 | DH19: 130 | DI19: 42 | DJ19: 130 | DK19: 42 | DL19: =SUM(DO19:DV19) -> 3 | DM19: =(DO19+DP19+DQ19+DS19+DT19+DU19) -> 0 | DN19: =DR19+DV19 -> 3 | DO19: 0 | DP19: 0 | DQ19: 0 | DR19: 3 | DS19: 0 | DT19: 0 | DU19: 0 | DV19: 0 | DW19: 0 | DX19: 1 | DY19: 1 | DZ19: 2 | EA19: 0 | EB19: 0 | EC19: 0 | ED19: 0 | EE19: 0 | EF19: 0 | EG19: =SUM(DW19:EF19) -> 4 | EH19: =DW19+DX19+DY19+EA19+EB19+EC19+EE19+EF19 -> 2 | EI19: 129 | EJ19: 37 | EK19: 129 | EL19: 37 | EM19: =SUM(EP19:EW19) -> 3 | EN19: =(EP19+EQ19+ER19+ET19+EU19+EV19) -> 0 | EO19: =ES19+EW19 -> 3 | EP19: 0 | EQ19: 0 | ER19: 0 | ES19: 3 | ET19: 0 | EU19: 0 | EV19: 0 | EW19: 0 | EX19: 0 | EY19: 0 | EZ19: 0 | FA19: 0 | FB19: 0 | FC19: 0 | FD19: 0 | FE19: 0 | FF19: 0 | FG19: 0 | FH19: =SUM(EX19:FG19) -> 0 | FI19: =EX19+EY19+EZ19+FB19+FC19+FD19 -> 0 | FJ19: 124 | FK19: 33 | FL19: 124 | FM19: 33 | FO19: 3 | FP19: =SUM(FS19:FZ19) -> 3 | FQ19: 0 | FR19: 3 | FS19: 0 | FT19: 0 | FU19: 0 | FV19: 3 | FW19: 0 | FX19: 0 | FY19: 0 | FZ19: 0 | GA19: 0 | GB19: 0 | GC19: 0 | GD19: 0 | GE19: 0 | GF19: 0 | GG19: 0 | GH19: 0 | GI19: 0 | GJ19: 0 | GK19: 0 | GL19: 0 | GM19: 122 | GN19: 34 | GO19: 122 | GP19: 34 | GR19: 3 | GS19: 0 | GT19: =GU19+GV19 -> 3 | GU19: =GW19+GX19+GY19+HA19+HB19+HC19 -> 0 | GV19: =GZ19+HD19 -> 3 | GW19: 0 | GX19: 0 | GY19: 0 | GZ19: 3 | HA19: 0 | HB19: 0 | HC19: 0 | HD19: 0 | HE19: 0 | HF19: 0 | HG19: 0 | HH19: 0 | HI19: 0 | HJ19: 0 | HK19: 0 | HL19: 0 | HM19: 0 | HN19: 0 | HO19: 0 | HP19: 0 | HT19: =H19 -> 3 | HU19: =P19 -> 1 | HV19: =X19 -> 3 | HW19: =AF19 -> 3 | HX19: =AN19 -> 3 | HY19: =AW19 -> 3 | HZ19: =BR19 -> 3 | IA19: =CN19 -> 7 | IB19: =DL19 -> 3 | IC19: =EM19 -> 3 | ID19: =FP19 -> 3 | IE19: =GT19 -> 3 | JB19: =SUM(I19:L19) -> 3 | JC19: =SUM(Q19:T19) -> 1 | JD19: =SUM(Y19:AB19) -> 3 | JE19: =SUM(AG19:AJ19) -> 3 | JF19: =SUM(AO19:AR19) -> 3 | JG19: =SUM(AX19:BE19) -> 3 | JH19: =SUM(BS19:BZ19) -> 3 | JI19: =SUM(CO19:CV19) -> 7 | JJ19: =SUM(DO19:DV19) -> 3 | JK19: =SUM(EP19:FA19) -> 3 | JL19: =SUM(FS19:FZ19) -> 3 | JM19: =SUM(GW19:HD19) -> 3 | JO19: =H19 -> 3 | JP19: 1 | JQ19: 3 | JR19: 3 | JS19: 3 | JV19: =IA19-JI19 -> 0 | JW19: =IB19-JJ19 -> 0 | JX19: =IC19-JK19 -> 0 | KB19: =JB19-JO19 -> 0 | KC19: =JC19-JP19 -> 0 | KD19: =JD19-JQ19 -> 0 | KE19: =JE19-JR19 -> 0 | KF19: =JF19-JS19 -> 0 | KG19: =JG19-JT19 -> 3 | KH19: =JH19-JU19 -> 3 | KI19: =JI19-JV19 -> 7 | ... KM19: =JM19-JZ19 -> 3
A20: 13 | B20: SEMARANG TENGAH | C20: 3374130 | D20: MIROTO | E20: Pekunden | F20: 3 | G20: 136 | H20: 0 | M20: 0 | N20: 0 | O20: =H20-(M20+N20) -> 0 | P20: 5 | S20: 5 | U20: 0 | V20: 5 | W20: =P20-(U20+V20) -> 0 | X20: 1 | AA20: 1 | AC20: 0 | AD20: 0 | AE20: =X20-(AC20+AD20) -> 1 | AF20: 0 | AG20: 0 | AH20: 0 | AI20: 0 | AJ20: 0 | AK20: 0 | AL20: 0 | AM20: =AF20-(AK20+AL20) -> 0 | AN20: 1 | AQ20: 1 | AS20: 0 | AT20: 0 | AU20: =AN20-(AS20+AT20) -> 1 | AV20: 134 | AW20: =SUM(AX20:BE20) -> 1 | AX20: 0 | AY20: 0 | AZ20: 1 | BA20: 0 | BB20: 0 | BC20: 0 | BD20: 0 | BE20: 0 | BF20: 0 | BG20: 0 | BH20: 0 | BI20: 0 | BJ20: 0 | BK20: 0 | BL20: 0 | BM20: 0 | BN20: 0 | BO20: 0 | BP20: =SUM(BF20:BO20) -> 0 | BQ20: 132 | BR20: =SUM(BS20:BZ20) -> 0 | BS20: 0 | BT20: 0 | BU20: 0 | BV20: 0 | BW20: 0 | BX20: 0 | BY20: 0 | BZ20: 0 | CA20: 0 | CB20: 0 | CC20: 0 | CD20: 1 | CE20: 0 | CF20: 0 | CG20: 0 | CH20: 0 | CI20: 0 | CJ20: 0 | CK20: =SUM(CA20:CJ20) -> 1 | CL20: 132 | CM20: 35 | CN20: =SUM(CO20:CV20) -> 0 | CO20: 0 | CP20: 0 | CQ20: 0 | CR20: 0 | CS20: 0 | CT20: 0 | CU20: 0 | CV20: 0 | CW20: 0 | CX20: 0 | CY20: 0 | CZ20: 0 | DA20: 0 | DB20: 0 | DC20: 0 | DD20: 0 | DE20: 0 | DF20: 0 | DG20: =SUM(CW20:DF20) -> 0 | DH20: 74 | DI20: 24 | DJ20: 74 | DK20: 24 | DL20: =SUM(DO20:DV20) -> 1 | DM20: =(DO20+DP20+DQ20+DS20+DT20+DU20) -> 0 | DN20: =DR20+DV20 -> 1 | DO20: 0 | DP20: 0 | DQ20: 0 | DR20: 1 | DS20: 0 | DT20: 0 | DU20: 0 | DV20: 0 | DW20: 0 | DX20: 0 | DY20: 0 | DZ20: 0 | EA20: 0 | EB20: 0 | EC20: 0 | ED20: 0 | EE20: 0 | EF20: 0 | EG20: =SUM(DW20:EF20) -> 0 | EH20: =DW20+DX20+DY20+EA20+EB20+EC20+EE20+EF20 -> 0 | EI20: 76 | EJ20: 25 | EK20: 76 | EL20: 25 | EM20: =SUM(EP20:EW20) -> 1 | EN20: =(EP20+EQ20+ER20+ET20+EU20+EV20) -> 0 | EO20: =ES20+EW20 -> 1 | EP20: 0 | EQ20: 0 | ER20: 0 | ES20: 1 | ET20: 0 | EU20: 0 | EV20: 0 | EW20: 0 | EX20: 0 | EY20: 0 | EZ20: 0 | FA20: 0 | FB20: 0 | FC20: 0 | FD20: 0 | FE20: 0 | FF20: 0 | FG20: 0 | FH20: =SUM(EX20:FG20) -> 0 | FI20: =EX20+EY20+EZ20+FB20+FC20+FD20 -> 0 | FJ20: 76 | FK20: 23 | FL20: 76 | FM20: 23 | FO20: 1 | FP20: =SUM(FS20:FZ20) -> 1 | FQ20: 0 | FR20: 1 | FS20: 0 | FT20: 0 | FU20: 0 | FV20: 1 | FW20: 0 | FX20: 0 | FY20: 0 | FZ20: 0 | GA20: 0 | GB20: 0 | GC20: 0 | GD20: 0 | GE20: 0 | GF20: 0 | GG20: 0 | GH20: 0 | GI20: 0 | GJ20: 0 | GK20: 0 | GL20: 0 | GM20: 77 | GN20: 22 | GO20: 77 | GP20: 22 | GR20: 2 | GS20: 1 | GT20: =GU20+GV20 -> 2 | GU20: =GW20+GX20+GY20+HA20+HB20+HC20 -> 1 | GV20: =GZ20+HD20 -> 1 | GW20: 0 | GX20: 0 | GY20: 0 | GZ20: 1 | HA20: 1 | HB20: 0 | HC20: 0 | HD20: 0 | HE20: 0 | HF20: 0 | HG20: 0 | HH20: 0 | HI20: 0 | HJ20: 0 | HK20: 0 | HL20: 0 | HM20: 0 | HN20: 0 | HO20: 0 | HP20: 0 | HT20: =H20 -> 0 | HU20: =P20 -> 5 | HV20: =X20 -> 1 | HW20: =AF20 -> 0 | HX20: =AN20 -> 1 | HY20: =AW20 -> 1 | HZ20: =BR20 -> 0 | IA20: =CN20 -> 0 | IB20: =DL20 -> 1 | IC20: =EM20 -> 1 | ID20: =FP20 -> 1 | IE20: =GT20 -> 2 | JB20: =SUM(I20:L20) -> 0 | JC20: =SUM(Q20:T20) -> 5 | JD20: =SUM(Y20:AB20) -> 1 | JE20: =SUM(AG20:AJ20) -> 0 | JF20: =SUM(AO20:AR20) -> 1 | JG20: =SUM(AX20:BE20) -> 1 | JH20: =SUM(BS20:BZ20) -> 0 | JI20: =SUM(CO20:CV20) -> 0 | JJ20: =SUM(DO20:DV20) -> 1 | JK20: =SUM(EP20:FA20) -> 1 | JL20: =SUM(FS20:FZ20) -> 1 | JM20: =SUM(GW20:HD20) -> 2 | JO20: =H20 -> 0 | JP20: 5 | JQ20: 1 | JR20: 0 | JS20: 1 | JV20: =IA20-JI20 -> 0 | JW20: =IB20-JJ20 -> 0 | JX20: =IC20-JK20 -> 0 | KB20: =JB20-JO20 -> 0 | KC20: =JC20-JP20 -> 0 | KD20: =JD20-JQ20 -> 0 | KE20: =JE20-JR20 -> 0 | KF20: =JF20-JS20 -> 0 | KG20: =JG20-JT20 -> 1 | KH20: =JH20-JU20 -> 0 | KI20: =JI20-JV20 -> 0 | ... KM20: =JM20-JZ20 -> 2
A21: 14 | B21: SEMARANG TENGAH | C21: 3374130 | D21: PONCOL | E21: Pendrikan Kidul | F21: 5 | G21: 106 | H21: 7 | I21: 0 | J21: 0 | K21: 0 | L21: 7 | M21: 0 | N21: 0 | O21: =H21-(M21+N21) -> 7 | P21: 9 | Q21: 1 | R21: 0 | S21: 2 | T21: 6 | U21: 1 | V21: 1 | W21: =P21-(U21+V21) -> 7 | X21: 8 | Y21: 1 | Z21: 1 | AA21: 0 | AB21: 6 | AC21: 2 | AD21: 1 | AE21: =X21-(AC21+AD21) -> 5 | AF21: 6 | AG21: 0 | AH21: 1 | AI21: 0 | AJ21: 5 | AK21: 0 | AL21: 2 | AM21: =AF21-(AK21+AL21) -> 4 | AN21: 6 | AO21: 0 | AP21: 1 | AQ21: 0 | AR21: 5 | AS21: 0 | AT21: 0 | AU21: =AN21-(AS21+AT21) -> 6 | AV21: 90 | AW21: =SUM(AX21:BE21) -> 6 | AX21: 0 | AY21: 1 | AZ21: 0 | BA21: 5 | BB21: 0 | BC21: 0 | BD21: 0 | BE21: 0 | BF21: 0 | BG21: 0 | BH21: 0 | BI21: 0 | BJ21: 0 | BK21: 0 | BL21: 0 | BM21: 0 | BN21: 0 | BO21: 0 | BP21: =SUM(BF21:BO21) -> 0 | BQ21: 91 | BR21: =SUM(BS21:BZ21) -> 6 | BS21: 0 | BT21: 1 | BU21: 0 | BV21: 4 | BW21: 1 | BX21: 0 | BY21: 0 | BZ21: 0 | CA21: 0 | CB21: 0 | CC21: 0 | CD21: 0 | CE21: 0 | CF21: 0 | CG21: 0 | CH21: 0 | CI21: 1 | CJ21: 0 | CK21: =SUM(CA21:CJ21) -> 1 | CL21: 101 | CM21: 57 | CN21: =SUM(CO21:CV21) -> 15 | CO21: 1 | CP21: 1 | CQ21: 0 | CR21: 4 | CS21: 0 | CT21: 2 | CU21: 0 | CV21: 7 | CW21: 0 | CX21: 0 | CY21: 0 | CZ21: 0 | DA21: 0 | DB21: 0 | DC21: 0 | DD21: 0 | DE21: 0 | DF21: 0 | DG21: =SUM(CW21:DF21) -> 0 | DH21: 94 | DI21: 42 | DJ21: 92 | DK21: 45 | DL21: =SUM(DO21:DV21) -> 8 | DM21: =(DO21+DP21+DQ21+DS21+DT21+DU21) -> 1 | DN21: =DR21+DV21 -> 7 | DO21: 0 | DP21: 0 | DQ21: 0 | DR21: 7 | DS21: 0 | DT21: 0 | DU21: 1 | DV21: 0 | DW21: 1 | DX21: 3 | DY21: 0 | DZ21: 4 | EA21: 0 | EB21: 0 | EC21: 0 | ED21: 0 | EE21: 0 | EF21: 0 | EG21: =SUM(DW21:EF21) -> 8 | EH21: =DW21+DX21+DY21+EA21+EB21+EC21+EE21+EF21 -> 4 | EI21: 97 | EJ21: 47 | EK21: 95 | EL21: 43 | EM21: =SUM(EP21:EW21) -> 7 | EN21: =(EP21+EQ21+ER21+ET21+EU21+EV21) -> 2 | EO21: =ES21+EW21 -> 5 | EP21: 0 | EQ21: 0 | ER21: 1 | ES21: 5 | ET21: 0 | EU21: 0 | EV21: 1 | EW21: 0 | EX21: 0 | EY21: 0 | EZ21: 0 | FA21: 2 | FB21: 0 | FC21: 0 | FD21: 0 | FE21: 0 | FF21: 0 | FG21: 0 | FH21: =SUM(EX21:FG21) -> 2 | FI21: =EX21+EY21+EZ21+FB21+FC21+FD21 -> 0 | FJ21: 97 | FK21: 32 | FL21: 97 | FM21: 32 | FO21: 8 | FP21: =SUM(FS21:FZ21) -> 8 | FQ21: 2 | FR21: 6 | FS21: 0 | FT21: 0 | FU21: 2 | FV21: 5 | FW21: 0 | FX21: 0 | FY21: 0 | FZ21: 1 | GA21: 0 | GB21: 0 | GC21: 0 | GD21: 0 | GE21: 0 | GF21: 0 | GG21: 0 | GH21: 0 | GI21: 0 | GJ21: 0 | GK21: 0 | GL21: 0 | GM21: 95 | GN21: 28 | GO21: 95 | GP21: 28 | GR21: 8 | GS21: 2 | GT21: =GU21+GV21 -> 8 | GU21: =GW21+GX21+GY21+HA21+HB21+HC21 -> 2 | GV21: =GZ21+HD21 -> 6 | GW21: 0 | GX21: 0 | GY21: 1 | GZ21: 6 | HA21: 0 | HB21: 0 | HC21: 1 | HD21: 0 | HE21: 0 | HF21: 0 | HG21: 0 | HH21: 1 | HI21: 0 | HJ21: 0 | HK21: 0 | HL21: 0 | HM21: 0 | HN21: 0 | HT21: =H21 -> 7 | HU21: =P21 -> 9 | HV21: =X21 -> 8 | HW21: =AF21 -> 6 | HX21: =AN21 -> 6 | HY21: =AW21 -> 6 | HZ21: =BR21 -> 6 | IA21: =CN21 -> 15 | IB21: =DL21 -> 8 | IC21: =EM21 -> 7 | ID21: =FP21 -> 8 | IE21: =GT21 -> 8 | JB21: =SUM(I21:L21) -> 7 | JC21: =SUM(Q21:T21) -> 9 | JD21: =SUM(Y21:AB21) -> 8 | JE21: =SUM(AG21:AJ21) -> 6 | JF21: =SUM(AO21:AR21) -> 6 | JG21: =SUM(AX21:BE21) -> 6 | JH21: =SUM(BS21:BZ21) -> 6 | JI21: =SUM(CO21:CV21) -> 15 | JJ21: =SUM(DO21:DV21) -> 8 | JK21: =SUM(EP21:FA21) -> 9 | JL21: =SUM(FS21:FZ21) -> 8 | JM21: =SUM(GW21:HD21) -> 8 | JO21: =H21 -> 7 | JP21: 9 | JQ21: 8 | JR21: 6 | JS21: 6 | JV21: =IA21-JI21 -> 0 | JW21: =IB21-JJ21 -> 0 | JX21: =IC21-JK21 -> -2 | KB21: =JB21-JO21 -> 0 | KC21: =JC21-JP21 -> 0 | KD21: =JD21-JQ21 -> 0 | KE21: =JE21-JR21 -> 0 | KF21: =JF21-JS21 -> 0 | KG21: =JG21-JT21 -> 6 | KH21: =JH21-JU21 -> 6 | KI21: =JI21-JV21 -> 15 | ... KM21: =JM21-JZ21 -> 8
A22: 15 | B22: SEMARANG TENGAH | C22: 3374130 | D22: PONCOL | E22: Pendrikan Lor | F22: 7 | G22: 291 | H22: 17 | I22: 0 | J22: 2 | K22: 5 | L22: 10 | M22: 3 | N22: 0 | O22: =H22-(M22+N22) -> 14 | P22: 26 | Q22: 2 | R22: 3 | S22: 4 | T22: 17 | U22: 11 | V22: 2 | W22: =P22-(U22+V22) -> 13 | X22: 28 | Y22: 1 | Z22: 3 | AA22: 5 | AB22: 19 | AC22: 4 | AD22: 1 | AE22: =X22-(AC22+AD22) -> 23 | AF22: 25 | AG22: 0 | AH22: 2 | AI22: 5 | AJ22: 18 | AK22: 3 | AL22: 7 | AM22: =AF22-(AK22+AL22) -> 15 | AN22: 22 | AO22: 0 | AP22: 2 | AQ22: 5 | AR22: 15 | AS22: 0 | AT22: 3 | AU22: =AN22-(AS22+AT22) -> 19 | AV22: 249 | AW22: =SUM(AX22:BE22) -> 23 | AX22: 0 | AY22: 1 | AZ22: 4 | BA22: 15 | BB22: 1 | BC22: 0 | BD22: 1 | BE22: 1 | BF22: 0 | BG22: 0 | BH22: 0 | BI22: 2 | BJ22: 0 | BK22: 0 | BL22: 0 | BM22: 0 | BN22: 0 | BO22: 0 | BP22: =SUM(BF22:BO22) -> 2 | BQ22: 235 | BR22: =SUM(BS22:BZ22) -> 16 | BS22: 1 | BT22: 1 | BU22: 2 | BV22: 12 | BW22: 0 | BX22: 0 | BY22: 0 | BZ22: 0 | CA22: 0 | CB22: 0 | CC22: 4 | CD22: 4 | CE22: 0 | CF22: 0 | CG22: 0 | CH22: 0 | CI22: 1 | CJ22: 0 | CK22: =SUM(CA22:CJ22) -> 9 | CL22: 230 | CM22: 96 | CN22: =SUM(CO22:CV22) -> 16 | CO22: 1 | CP22: 0 | CQ22: 2 | CR22: 11 | CS22: 1 | CT22: 1 | CU22: 0 | CV22: 0 | CW22: 0 | CX22: 0 | CY22: 1 | CZ22: 1 | DA22: 0 | DB22: 0 | DC22: 0 | DD22: 0 | DE22: 0 | DF22: 0 | DG22: =SUM(CW22:DF22) -> 2 | DH22: 211 | DI22: 71 | DJ22: 211 | DK22: 83 | DL22: =SUM(DO22:DV22) -> 12 | DM22: =(DO22+DP22+DQ22+DS22+DT22+DU22) -> 4 | DN22: =DR22+DV22 -> 8 | DO22: 0 | DP22: 0 | DQ22: 0 | DR22: 4 | DS22: 1 | DT22: 0 | DU22: 3 | DV22: 4 | DW22: 2 | DX22: 1 | DY22: 2 | DZ22: 7 | EA22: 0 | EB22: 0 | EC22: 0 | ED22: 0 | EE22: 0 | EF22: 0 | EG22: =SUM(DW22:EF22) -> 12 | EH22: =DW22+DX22+DY22+EA22+EB22+EC22+EE22+EF22 -> 5 | EI22: 216 | EJ22: 82 | EK22: 214 | EL22: 79 | EM22: =SUM(EP22:EW22) -> 10 | EN22: =(EP22+EQ22+ER22+ET22+EU22+EV22) -> 4 | EO22: =ES22+EW22 -> 6 | EP22: 0 | EQ22: 0 | ER22: 3 | ES22: 5 | ET22: 1 | EU22: 0 | EV22: 0 | EW22: 1 | EX22: 0 | EY22: 1 | EZ22: 0 | FA22: 3 | FB22: 0 | FC22: 0 | FD22: 0 | FE22: 0 | FF22: 0 | FG22: 0 | FH22: =SUM(EX22:FG22) -> 4 | FI22: =EX22+EY22+EZ22+FB22+FC22+FD22 -> 1 | FJ22: 212 | FK22: 50 | FL22: 206 | FM22: 46 | FO22: 15 | FP22: =SUM(FS22:FZ22) -> 15 | FQ22: 4 | FR22: 11 | FS22: 0 | FT22: 0 | FU22: 3 | FV22: 9 | FW22: 0 | FX22: 1 | FY22: 0 | FZ22: 2 | GA22: 0 | GB22: 2 | GC22: 0 | GD22: 0 | GE22: 0 | GF22: 0 | GG22: 0 | GH22: 0 | GI22: 0 | GJ22: 0 | GK22: 2 | GL22: 2 | GM22: 255 | GN22: 74 | GO22: 255 | GP22: 74 | GR22: 18 | GS22: 4 | GT22: =GU22+GV22 -> 18 | GU22: =GW22+GX22+GY22+HA22+HB22+HC22 -> 4 | GV22: =GZ22+HD22 -> 14 | GW22: 0 | GX22: 0 | GY22: 4 | GZ22: 11 | HA22: 0 | HB22: 0 | HC22: 0 | HD22: 3 | HE22: 0 | HF22: 0 | HG22: 0 | HH22: 1 | HI22: 0 | HJ22: 0 | HK22: 0 | HL22: 0 | HM22: 0 | HN22: 0 | HT22: =H22 -> 17 | HU22: =P22 -> 26 | HV22: =X22 -> 28 | HW22: =AF22 -> 25 | HX22: =AN22 -> 22 | HY22: =AW22 -> 23 | HZ22: =BR22 -> 16 | IA22: =CN22 -> 16 | IB22: =DL22 -> 12 | IC22: =EM22 -> 10 | ID22: =FP22 -> 15 | IE22: =GT22 -> 18 | JB22: =SUM(I22:L22) -> 17 | JC22: =SUM(Q22:T22) -> 26 | JD22: =SUM(Y22:AB22) -> 28 | JE22: =SUM(AG22:AJ22) -> 25 | JF22: =SUM(AO22:AR22) -> 22 | JG22: =SUM(AX22:BE22) -> 23 | JH22: =SUM(BS22:BZ22) -> 16 | JI22: =SUM(CO22:CV22) -> 16 | JJ22: =SUM(DO22:DV22) -> 12 | JK22: =SUM(EP22:FA22) -> 14 | JL22: =SUM(FS22:FZ22) -> 15 | JM22: =SUM(GW22:HD22) -> 18 | JO22: =H22 -> 17 | JP22: 26 | JQ22: 28 | JR22: 25 | JS22: 22 | JV22: =IA22-JI22 -> 0 | JW22: =IB22-JJ22 -> 0 | JX22: =IC22-JK22 -> -4 | KB22: =JB22-JO22 -> 0 | KC22: =JC22-JP22 -> 0 | KD22: =JD22-JQ22 -> 0 | KE22: =JE22-JR22 -> 0 | KF22: =JF22-JS22 -> 0 | KG22: =JG22-JT22 -> 23 | KH22: =JH22-JU22 -> 16 | KI22: =JI22-JV22 -> 16 | ... KM22: =JM22-JZ22 -> 18
A23: 16 | B23: SEMARANG UTARA | C23: 3374120 | D23: BANDARHARJO | E23: Bandarharjo | F23: 14 | G23: 1205 | H23: 108 | I23: 0 | J23: 0 | K23: 11 | L23: 97 | M23: 10 | N23: 0 | O23: =H23-(M23+N23) -> 98 | P23: 108 | Q23: 0 | R23: 0 | S23: 11 | T23: 97 | U23: 7 | V23: 2 | W23: =P23-(U23+V23) -> 99 | X23: 86 | Y23: 0 | Z23: 0 | AA23: 4 | AB23: 82 | AC23: 0 | AD23: 22 | AE23: =X23-(AC23+AD23) -> 64 | AF23: 89 | AG23: 0 | AH23: 0 | AI23: 8 | AJ23: 81 | AK23: 17 | AL23: 20 | AM23: =AF23-(AK23+AL23) -> 52 | AN23: 75 | AO23: 0 | AP23: 0 | AQ23: 3 | AR23: 72 | AS23: 0 | AT23: 14 | AU23: =AN23-(AS23+AT23) -> 61 | AV23: 1168 | AW23: =SUM(AX23:BE23) -> 75 | AX23: 0 | AY23: 0 | AZ23: 1 | BA23: 72 | BB23: 0 | BC23: 0 | BD23: 0 | BE23: 2 | BF23: 0 | BG23: 0 | BH23: 0 | BI23: 1 | BJ23: 0 | BK23: 0 | BL23: 0 | BM23: 0 | BN23: 1 | BO23: 0 | BP23: =SUM(BF23:BO23) -> 2 | BQ23: 1188 | BR23: =SUM(BS23:BZ23) -> 73 | BS23: 0 | BT23: 0 | BU23: 0 | BV23: 72 | BW23: 0 | BX23: 0 | BY23: 1 | BZ23: 0 | CA23: 0 | CB23: 0 | CC23: 0 | CD23: 0 | CE23: 0 | CF23: 0 | CG23: 0 | CH23: 0 | CI23: 2 | CJ23: 0 | CK23: =SUM(CA23:CJ23) -> 2 | CL23: 1172 | CM23: 338 | CN23: =SUM(CO23:CV23) -> 70 | CO23: 0 | CP23: 0 | CQ23: 1 | CR23: 68 | CS23: 0 | CT23: 0 | CU23: 0 | CV23: 1 | CW23: 0 | CX23: 0 | CY23: 0 | CZ23: 0 | DA23: 0 | DB23: 0 | DC23: 0 | DD23: 1 | DE23: 3 | DF23: 0 | DG23: =SUM(CW23:DF23) -> 4 | DH23: 1116 | DI23: 358 | DJ23: 1063 | DK23: 326 | DL23: =SUM(DO23:DV23) -> 70 | DM23: =(DO23+DP23+DQ23+DS23+DT23+DU23) -> 3 | DN23: =DR23+DV23 -> 67 | DO23: 0 | DP23: 0 | DQ23: 1 | DR23: 66 | DS23: 0 | DT23: 0 | DU23: 2 | DV23: 1 | ED23: 3 | EE23: 0 | EF23: 0 | EG23: =SUM(DW23:EF23) -> 3 | EH23: =DW23+DX23+DY23+EA23+EB23+EC23+EE23+EF23 -> 0 | EI23: 1103 | EJ23: 350 | EK23: 1034 | EL23: 326 | EM23: =SUM(EP23:EW23) -> 65 | EN23: =(EP23+EQ23+ER23+ET23+EU23+EV23) -> 3 | EO23: =ES23+EW23 -> 62 | EP23: 0 | EQ23: 0 | ER23: 3 | ES23: 61 | ET23: 0 | EU23: 0 | EV23: 0 | EW23: 1 | EX23: 0 | EY23: 0 | EZ23: 0 | FA23: 2 | FE23: 1 | FF23: 2 | FH23: =SUM(EX23:FG23) -> 5 | FI23: =EX23+EY23+EZ23+FB23+FC23+FD23 -> 0 | FJ23: 1104 | FK23: 361 | FL23: 1027 | FM23: 310 | FO23: 61 | FP23: =SUM(FS23:FZ23) -> 61 | FQ23: 4 | FR23: 57 | FS23: 0 | FT23: 0 | FU23: 2 | FV23: 57 | FW23: 1 | FX23: 0 | FY23: 1 | FZ23: 0 | GA23: 0 | GB23: 0 | GC23: 1 | GD23: 0 | GE23: 0 | GF23: 0 | GG23: 0 | GH23: 0 | GI23: 5 | GJ23: 0 | GK23: 6 | GL23: 1 | GM23: 1092 | GN23: 364 | GO23: 1011 | GP23: 306 | GR23: 61 | GS23: 7 | GT23: =GU23+GV23 -> 61 | GU23: =GW23+GX23+GY23+HA23+HB23+HC23 -> 7 | GV23: =GZ23+HD23 -> 54 | GW23: 0 | GX23: 1 | GY23: 3 | GZ23: 52 | HA23: 0 | HB23: 0 | HC23: 3 | HD23: 2 | HE23: 0 | HF23: 0 | HG23: 0 | HH23: 2 | HI23: 0 | HJ23: 0 | HK23: 0 | HL23: 0 | HM23: 3 | HN23: 0 | HO23: =SUM(HE23:HN23) -> 5 | HP23: =HE23+HF23+HG23+HI23+HJ23+HK23 -> 0 | HT23: =H23 -> 108 | HU23: =P23 -> 108 | HV23: =X23 -> 86 | HW23: =AF23 -> 89 | HX23: =AN23 -> 75 | HY23: =AW23 -> 75 | HZ23: =BR23 -> 73 | IA23: =CN23 -> 70 | IB23: =DL23 -> 70 | IC23: =EM23 -> 65 | ID23: =FP23 -> 61 | IE23: =GT23 -> 61 | JB23: =SUM(I23:L23) -> 108 | JC23: =SUM(Q23:T23) -> 108 | JD23: =SUM(Y23:AB23) -> 86 | JE23: =SUM(AG23:AJ23) -> 89 | JF23: =SUM(AO23:AR23) -> 75 | JG23: =SUM(AX23:BE23) -> 75 | JH23: =SUM(BS23:BZ23) -> 73 | JI23: =SUM(CO23:CV23) -> 70 | JJ23: =SUM(DO23:DV23) -> 70 | JK23: =SUM(EP23:FA23) -> 67 | JL23: =SUM(FS23:FZ23) -> 61 | JM23: =SUM(GW23:HD23) -> 61 | JO23: =H23 -> 108 | JP23: 108 | JQ23: 86 | JR23: 89 | JS23: 75 | JV23: =IA23-JI23 -> 0 | JW23: =IB23-JJ23 -> 0 | JX23: =IC23-JK23 -> -2 | KB23: =JB23-JO23 -> 0 | KC23: =JC23-JP23 -> 0 | KD23: =JD23-JQ23 -> 0 | KE23: =JE23-JR23 -> 0 | KF23: =JF23-JS23 -> 0 | KG23: =JG23-JT23 -> 75 | KH23: =JH23-JU23 -> 73 | KI23: =JI23-JV23 -> 70 | ... KM23: =JM23-JZ23 -> 61
A24: 17 | B24: SEMARANG UTARA | C24: 3374120 | D24: BULU LOR | E24: Bulu Lor | F24: 11 | G24: 746 | H24: 4 | I24: 0 | J24: 1 | K24: 1 | L24: 2 | M24: 0 | N24: 0 | O24: =H24-(M24+N24) -> 4 | P24: 4 | R24: 1 | S24: 1 | T24: 2 | U24: 0 | V24: 0 | W24: =P24-(U24+V24) -> 4 | X24: 4 | AA24: 1 | AB24: 3 | AC24: 0 | AD24: 0 | AE24: =X24-(AC24+AD24) -> 4 | AF24: 2 | AG24: 0 | AH24: 0 | AI24: 1 | AJ24: 1 | AK24: 0 | AL24: 0 | AM24: =AF24-(AK24+AL24) -> 2 | AN24: 1 | AO24: 0 | AP24: 0 | AQ24: 0 | AR24: 1 | AS24: 0 | AT24: 0 | AU24: =AN24-(AS24+AT24) -> 1 | AV24: 746 | AW24: =SUM(AX24:BE24) -> 1 | AX24: 0 | AY24: 0 | AZ24: 0 | BA24: 1 | BB24: 0 | BC24: 0 | BD24: 0 | BE24: 0 | BF24: 0 | BG24: 0 | BH24: 0 | BI24: 0 | BJ24: 0 | BK24: 0 | BL24: 0 | BM24: 0 | BN24: 0 | BO24: 0 | BP24: =SUM(BF24:BO24) -> 0 | BQ24: 738 | BR24: =SUM(BS24:BZ24) -> 3 | BS24: 0 | BT24: 0 | BU24: 0 | BV24: 0 | BW24: 0 | BX24: 0 | BY24: 3 | BZ24: 0 | CA24: 0 | CB24: 0 | CC24: 0 | CD24: 0 | CE24: 0 | CF24: 0 | CG24: 0 | CH24: 0 | CI24: 1 | CJ24: 0 | CK24: =SUM(CA24:CJ24) -> 1 | CL24: 762 | CM24: 251 | CN24: =SUM(CO24:CV24) -> 5 | CO24: 0 | CP24: 0 | CQ24: 3 | CR24: 0 | CS24: 0 | CT24: 0 | CU24: 0 | CV24: 2 | CW24: 0 | CX24: 0 | CY24: 0 | CZ24: 0 | DA24: 0 | DB24: 0 | DC24: 0 | DD24: 0 | DE24: 0 | DF24: 0 | DG24: =SUM(CW24:DF24) -> 0 | DH24: 759 | DI24: 257 | DJ24: 759 | DK24: 257 | DL24: =SUM(DO24:DV24) -> 5 | DM24: =(DO24+DP24+DQ24+DS24+DT24+DU24) -> 3 | DN24: =DR24+DV24 -> 2 | DO24: 0 | DP24: 0 | DQ24: 2 | DR24: 2 | DS24: 0 | DT24: 0 | DU24: 1 | DV24: 0 | DW24: 0 | DX24: 0 | DY24: 1 | DZ24: 0 | EA24: 0 | EB24: 0 | EC24: 0 | ED24: 0 | EE24: 0 | EF24: 0 | EG24: =SUM(DW24:EF24) -> 1 | EH24: =DW24+DX24+DY24+EA24+EB24+EC24+EE24+EF24 -> 1 | EI24: 747 | EJ24: 253 | EK24: 727 | EL24: 253 | EM24: =SUM(EP24:EW24) -> 4 | EN24: =(EP24+EQ24+ER24+ET24+EU24+EV24) -> 3 | EO24: =ES24+EW24 -> 1 | EP24: 0 | EQ24: 0 | ER24: 3 | ES24: 1 | ET24: 0 | EU24: 0 | EV24: 0 | EW24: 0 | EX24: 0 | EY24: 0 | EZ24: 0 | FA24: 1 | FB24: 0 | FC24: 0 | FD24: 0 | FE24: 0 | FF24: 0 | FG24: 0 | FH24: =SUM(EX24:FG24) -> 1 | FI24: =EX24+EY24+EZ24+FB24+FC24+FD24 -> 0 | FJ24: 750 | FK24: 261 | FL24: 746 | FM24: 258 | FO24: 5 | FP24: 5 | FQ24: 3 | FR24: 2 | FS24: 0 | FT24: 0 | FU24: 3 | FV24: 2 | FW24: 0 | FX24: 0 | FY24: 0 | FZ24: 0 | GA24: 0 | GB24: 0 | GC24: 0 | GD24: 0 | GE24: 0 | GF24: 0 | GG24: 0 | GH24: 0 | GI24: 0 | GJ24: 0 | GK24: 0 | GL24: 0 | GM24: 741 | GN24: 251 | GO24: 690 | GP24: 202 | GR24: 4 | GS24: 3 | GT24: =GU24+GV24 -> 4 | GU24: =GW24+GX24+GY24+HA24+HB24+HC24 -> 3 | GV24: =GZ24+HD24 -> 1 | GW24: 0 | GX24: 0 | GY24: 3 | GZ24: 1 | HA24: 0 | HB24: 0 | HC24: 0 | HD24: 0 | HE24: 0 | HF24: 0 | HG24: 0 | HH24: 1 | HI24: 0 | HJ24: 0 | HK24: 0 | HL24: 0 | HM24: 0 | HN24: 0 | HO24: 1 | HP24: 0 | HT24: =H24 -> 4 | HU24: =P24 -> 4 | HV24: =X24 -> 4 | HW24: =AF24 -> 2 | HX24: =AN24 -> 1 | HY24: =AW24 -> 1 | HZ24: =BR24 -> 3 | IA24: =CN24 -> 5 | IB24: =DL24 -> 5 | IC24: =EM24 -> 4 | ID24: =FP24 -> 5 | IE24: =GT24 -> 4 | JB24: =SUM(I24:L24) -> 4 | JC24: =SUM(Q24:T24) -> 4 | JD24: =SUM(Y24:AB24) -> 4 | JE24: =SUM(AG24:AJ24) -> 2 | JF24: =SUM(AO24:AR24) -> 1 | JG24: =SUM(AX24:BE24) -> 1 | JH24: =SUM(BS24:BZ24) -> 3 | JI24: =SUM(CO24:CV24) -> 5 | JJ24: =SUM(DO24:DV24) -> 5 | JK24: =SUM(EP24:FA24) -> 5 | JL24: =SUM(FS24:FZ24) -> 5 | JM24: =SUM(GW24:HD24) -> 4 | JO24: =H24 -> 4 | JP24: 4 | JQ24: 4 | JR24: 2 | JS24: 1 | JV24: =IA24-JI24 -> 0 | JW24: =IB24-JJ24 -> 0 | JX24: =IC24-JK24 -> -1 | KB24: =JB24-JO24 -> 0 | KC24: =JC24-JP24 -> 0 | KD24: =JD24-JQ24 -> 0 | KE24: =JE24-JR24 -> 0 | KF24: =JF24-JS24 -> 0 | KG24: =JG24-JT24 -> 1 | KH24: =JH24-JU24 -> 3 | KI24: =JI24-JV24 -> 5 | ... KM24: =JM24-JZ24 -> 4
A25: 18 | B25: SEMARANG UTARA | C25: 3374120 | D25: BULU LOR | E25: Plombokan | F25: 6 | G25: 315 | H25: 2 | I25: 0 | J25: 1 | K25: 1 | L25: 0 | M25: 0 | N25: 0 | O25: =H25-(M25+N25) -> 2 | P25: 2 | R25: 1 | S25: 1 | U25: 0 | V25: 0 | W25: =P25-(U25+V25) -> 2 | X25: 2 | Z25: 1 | AA25: 1 | AC25: 0 | AD25: 0 | AE25: =X25-(AC25+AD25) -> 2 | AF25: 2 | AG25: 0 | AH25: 1 | AI25: 1 | AJ25: 0 | AK25: 0 | AL25: 0 | AM25: =AF25-(AK25+AL25) -> 2 | AN25: 2 | AO25: 0 | AP25: 1 | AQ25: 1 | AR25: 0 | AS25: 0 | AT25: 0 | AU25: =AN25-(AS25+AT25) -> 2 | AV25: 315 | AW25: =SUM(AX25:BE25) -> 0 | AX25: 0 | AY25: 0 | AZ25: 0 | BA25: 0 | BB25: 0 | BC25: 0 | BD25: 0 | BE25: 0 | BF25: 0 | BG25: 1 | BH25: 0 | BI25: 1 | BJ25: 0 | BK25: 0 | BL25: 0 | BM25: 0 | BN25: 0 | BO25: 0 | BP25: =SUM(BF25:BO25) -> 2 | BQ25: 413 | BR25: =SUM(BS25:BZ25) -> 0 | BS25: 0 | BT25: 0 | BU25: 0 | BV25: 0 | BW25: 0 | BX25: 0 | BY25: 0 | BZ25: 0 | CA25: 0 | CB25: 0 | CC25: 0 | CD25: 0 | CE25: 0 | CF25: 0 | CG25: 0 | CH25: 0 | CI25: 0 | CJ25: 0 | CK25: =SUM(CA25:CJ25) -> 0 | CL25: 453 | CM25: 128 | CN25: =SUM(CO25:CV25) -> 1 | CO25: 0 | CP25: 0 | CQ25: 0 | CR25: 0 | CS25: 0 | CT25: 0 | CU25: 0 | CV25: 1 | CW25: 0 | CX25: 0 | CY25: 0 | CZ25: 0 | DA25: 0 | DB25: 0 | DC25: 0 | DD25: 0 | DE25: 0 | DF25: 0 | DG25: =SUM(CW25:DF25) -> 0 | DH25: 428 | DI25: 122 | DJ25: 428 | DK25: 122 | DL25: =SUM(DO25:DV25) -> 4 | DM25: =(DO25+DP25+DQ25+DS25+DT25+DU25) -> 1 | DN25: =DR25+DV25 -> 3 | DO25: 0 | DP25: 0 | DQ25: 0 | DR25: 1 | DS25: 0 | DT25: 0 | DU25: 1 | DV25: 2 | DW25: 0 | DX25: 0 | DY25: 0 | DZ25: 0 | EA25: 0 | EB25: 0 | EC25: 0 | ED25: 0 | EE25: 0 | EF25: 0 | EG25: =SUM(DW25:EF25) -> 0 | EH25: =DW25+DX25+DY25+EA25+EB25+EC25+EE25+EF25 -> 0 | EI25: 409 | EJ25: 103 | EK25: 409 | EL25: 103 | EM25: =SUM(EP25:EW25) -> 3 | EN25: 0 | EO25: 3 | EP25: 0 | EQ25: 0 | ER25: 1 | ES25: 2 | ET25: 0 | EU25: 0 | EV25: 0 | EW25: 0 | EX25: 0 | EY25: 0 | EZ25: 0 | FA25: 1 | FB25: 0 | FC25: 0 | FD25: 0 | FE25: 0 | FF25: 0 | FG25: 0 | FH25: =SUM(EX25:FG25) -> 1 | FI25: =EX25+EY25+EZ25+FB25+FC25+FD25 -> 0 | FJ25: 407 | FK25: 102 | FL25: 404 | FM25: 99 | FO25: 3 | FP25: 3 | FQ25: 0 | FR25: 3 | FS25: 0 | FT25: 0 | FU25: 0 | FV25: 3 | FW25: 0 | FX25: 0 | FY25: 0 | FZ25: 0 | GA25: 0 | GB25: 0 | GC25: 0 | GD25: 0 | GE25: 0 | GF25: 0 | GG25: 0 | GH25: 0 | GI25: 0 | GJ25: 0 | GK25: 0 | GL25: 0 | GM25: 397 | GN25: 99 | GO25: 394 | GP25: 96 | GR25: 5 | GS25: 1 | GT25: =GU25+GV25 -> 5 | GU25: =GW25+GX25+GY25+HA25+HB25+HC25 -> 1 | GV25: =GZ25+HD25 -> 4 | GW25: 0 | GX25: 0 | GY25: 0 | GZ25: 3 | HA25: 0 | HB25: 0 | HC25: 1 | HD25: 1 | HE25: 0 | HF25: 0 | HG25: 0 | HH25: 0 | HI25: 0 | HJ25: 0 | HK25: 0 | HL25: 0 | HM25: 0 | HN25: 0 | HO25: 0 | HP25: 0 | HT25: =H25 -> 2 | HU25: =P25 -> 2 | HV25: =X25 -> 2 | HW25: =AF25 -> 2 | HX25: =AN25 -> 2 | HY25: =AW25 -> 0 | HZ25: =BR25 -> 0 | IA25: =CN25 -> 1 | IB25: =DL25 -> 4 | IC25: =EM25 -> 3 | ID25: =FP25 -> 3 | IE25: =GT25 -> 5 | JB25: =SUM(I25:L25) -> 2 | JC25: =SUM(Q25:T25) -> 2 | JD25: =SUM(Y25:AB25) -> 2 | JE25: =SUM(AG25:AJ25) -> 2 | JF25: =SUM(AO25:AR25) -> 2 | JG25: =SUM(AX25:BE25) -> 0 | JH25: =SUM(BS25:BZ25) -> 0 | JI25: =SUM(CO25:CV25) -> 1 | JJ25: =SUM(DO25:DV25) -> 4 | JK25: =SUM(EP25:FA25) -> 4 | JL25: =SUM(FS25:FZ25) -> 3 | JM25: =SUM(GW25:HD25) -> 5 | JO25: =H25 -> 2 | JP25: 2 | JQ25: 2 | JR25: 2 | JS25: 2 | JV25: =IA25-JI25 -> 0 | JW25: =IB25-JJ25 -> 0 | JX25: =IC25-JK25 -> -1 | KB25: =JB25-JO25 -> 0 | KC25: =JC25-JP25 -> 0 | KD25: =JD25-JQ25 -> 0 | KE25: =JE25-JR25 -> 0 | KF25: =JF25-JS25 -> 0 | KG25: =JG25-JT25 -> 0 | KH25: =JH25-JU25 -> 0 | KI25: =JI25-JV25 -> 1 | ... KM25: =JM25-JZ25 -> 5
A26: 19 | B26: SEMARANG UTARA | C26: 3374120 | D26: BULU LOR | E26: Purwosari | F26: 6 | G26: 493 | H26: 2 | I26: 0 | J26: 1 | K26: 0 | L26: 1 | M26: 0 | N26: 0 | O26: =H26-(M26+N26) -> 2 | P26: 2 | R26: 1 | T26: 1 | U26: 1 | V26: 0 | W26: =P26-(U26+V26) -> 1 | X26: 2 | Z26: 1 | AB26: 1 | AC26: 0 | AD26: 1 | AE26: =X26-(AC26+AD26) -> 1 | AF26: 2 | AG26: 0 | AH26: 1 | AI26: 0 | AJ26: 1 | AK26: 0 | AL26: 0 | AM26: =AF26-(AK26+AL26) -> 2 | AN26: 2 | AO26: 0 | AP26: 1 | AQ26: 0 | AR26: 1 | AS26: 0 | AT26: 0 | AU26: =AN26-(AS26+AT26) -> 2 | AV26: 493 | AW26: =SUM(AX26:BE26) -> 2 | AX26: 0 | AY26: 0 | AZ26: 1 | BA26: 1 | BB26: 0 | BC26: 0 | BD26: 0 | BE26: 0 | BF26: 0 | BG26: 0 | BH26: 0 | BI26: 0 | BJ26: 0 | BK26: 0 | BL26: 0 | BM26: 0 | BN26: 0 | BO26: 0 | BP26: =SUM(BF26:BO26) -> 0 | BQ26: 452 | BR26: =SUM(BS26:BZ26) -> 3 | BS26: 0 | BT26: 0 | BU26: 2 | BV26: 0 | BW26: 0 | BX26: 1 | BY26: 0 | BZ26: 0 | CA26: 0 | CB26: 0 | CC26: 0 | CD26: 0 | CE26: 0 | CF26: 0 | CG26: 0 | CH26: 0 | CI26: 0 | CJ26: 0 | CK26: =SUM(CA26:CJ26) -> 0 | CL26: 445 | CM26: 134 | CN26: =SUM(CO26:CV26) -> 4 | CO26: 0 | CP26: 1 | CQ26: 2 | CR26: 0 | CS26: 0 | CT26: 0 | CU26: 0 | CV26: 1 | CW26: 0 | CX26: 0 | CY26: 0 | CZ26: 0 | DA26: 0 | DB26: 0 | DC26: 0 | DD26: 0 | DE26: 0 | DF26: 0 | DG26: =SUM(CW26:DF26) -> 0 | DH26: 465 | DI26: 131 | DJ26: 465 | DK26: 131 | DL26: =SUM(DO26:DV26) -> 4 | DM26: =(DO26+DP26+DQ26+DS26+DT26+DU26) -> 1 | DN26: =DR26+DV26 -> 3 | DO26: 0 | DP26: 0 | DQ26: 0 | DR26: 1 | DS26: 0 | DT26: 1 | DU26: 0 | DV26: 2 | DW26: 0 | DX26: 1 | DY26: 0 | DZ26: 0 | EA26: 0 | EB26: 0 | EC26: 0 | ED26: 0 | EE26: 0 | EF26: 0 | EG26: =SUM(DW26:EF26) -> 1 | EH26: =DW26+DX26+DY26+EA26+EB26+EC26+EE26+EF26 -> 1 | EI26: 457 | EJ26: 122 | EK26: 437 | EL26: 122 | EM26: =SUM(EP26:EW26) -> 4 | EN26: =(EP26+EQ26+ER26+ET26+EU26+EV26) -> 0 | EO26: =ES26+EW26 -> 4 | EP26: 0 | EQ26: 0 | ER26: 0 | ES26: 4 | ET26: 0 | EU26: 0 | EV26: 0 | EW26: 0 | EX26: 0 | EY26: 0 | EZ26: 0 | FA26: 0 | FB26: 0 | FC26: 0 | FD26: 0 | FE26: 0 | FF26: 0 | FG26: 0 | FH26: =SUM(EX26:FG26) -> 0 | FI26: =EX26+EY26+EZ26+FB26+FC26+FD26 -> 0 | FJ26: 456 | FK26: 124 | FL26: 455 | FM26: 123 | FO26: 3 | FP26: 3 | FQ26: 0 | FR26: 3 | FS26: 0 | FT26: 0 | FU26: 0 | FV26: 3 | FW26: 0 | FX26: 0 | FY26: 0 | FZ26: 0 | GA26: 0 | GB26: 0 | GC26: 0 | GD26: 1 | GE26: 0 | GF26: 0 | GG26: 0 | GH26: 0 | GI26: 0 | GJ26: 0 | GK26: 1 | GL26: 0 | GM26: 442 | GN26: 118 | GO26: 411 | GP26: 92 | GR26: 3 | GS26: 0 | GT26: =GU26+GV26 -> 3 | GU26: =GW26+GX26+GY26+HA26+HB26+HC26 -> 0 | GV26: =GZ26+HD26 -> 3 | GW26: 0 | GX26: 0 | GY26: 0 | GZ26: 2 | HA26: 0 | HB26: 0 | HC26: 0 | HD26: 1 | HE26: 0 | HF26: 0 | HG26: 0 | HH26: 0 | HI26: 0 | HJ26: 0 | HK26: 0 | HL26: 0 | HM26: 0 | HN26: 0 | HO26: 0 | HP26: 0 | HT26: =H26 -> 2 | HU26: =P26 -> 2 | HV26: =X26 -> 2 | HW26: =AF26 -> 2 | HX26: =AN26 -> 2 | HY26: =AW26 -> 2 | HZ26: =BR26 -> 3 | IA26: =CN26 -> 4 | IB26: =DL26 -> 4 | IC26: =EM26 -> 4 | ID26: =FP26 -> 3 | IE26: =GT26 -> 3 | JB26: =SUM(I26:L26) -> 2 | JC26: =SUM(Q26:T26) -> 2 | JD26: =SUM(Y26:AB26) -> 2 | JE26: =SUM(AG26:AJ26) -> 2 | JF26: =SUM(AO26:AR26) -> 2 | JG26: =SUM(AX26:BE26) -> 2 | JH26: =SUM(BS26:BZ26) -> 3 | JI26: =SUM(CO26:CV26) -> 4 | JJ26: =SUM(DO26:DV26) -> 4 | JK26: =SUM(EP26:FA26) -> 4 | JL26: =SUM(FS26:FZ26) -> 3 | JM26: =SUM(GW26:HD26) -> 3 | JO26: =H26 -> 2 | JP26: 2 | JQ26: 2 | JR26: 2 | JS26: 2 | JV26: =IA26-JI26 -> 0 | JW26: =IB26-JJ26 -> 0 | JX26: =IC26-JK26 -> 0 | KB26: =JB26-JO26 -> 0 | KC26: =JC26-JP26 -> 0 | KD26: =JD26-JQ26 -> 0 | KE26: =JE26-JR26 -> 0 | KF26: =JF26-JS26 -> 0 | KG26: =JG26-JT26 -> 2 | KH26: =JH26-JU26 -> 3 | KI26: =JI26-JV26 -> 4 | ... KM26: =JM26-JZ26 -> 3
A27: 20 | B27: SEMARANG UTARA | C27: 3374120 | D27: BANDARHARJO | E27: Kuningan | F27: 10 | G27: 767 | H27: 25 | I27: 0 | J27: 0 | K27: 2 | L27: 23 | M27: 0 | N27: 0 | O27: =H27-(M27+N27) -> 25 | P27: 29 | Q27: 0 | R27: 0 | S27: 4 | T27: 25 | U27: 4 | V27: 0 | W27: =P27-(U27+V27) -> 25 | X27: 24 | Y27: 0 | Z27: 0 | AA27: 2 | AB27: 22 | AC27: 0 | AD27: 5 | AE27: =X27-(AC27+AD27) -> 19 | AF27: 28 | AG27: 0 | AH27: 0 | AI27: 4 | AJ27: 24 | AK27: 7 | AL27: 3 | AM27: =AF27-(AK27+AL27) -> 18 | AN27: 20 | AO27: 0 | AP27: 0 | AQ27: 2 | AR27: 18 | AS27: 0 | AT27: 0 | AU27: =AN27-(AS27+AT27) -> 20 | AV27: 683 | AW27: =SUM(AX27:BE27) -> 20 | AX27: 0 | AY27: 0 | AZ27: 2 | BA27: 18 | BB27: 0 | BC27: 0 | BD27: 0 | BE27: 0 | BF27: 0 | BG27: 0 | BH27: 0 | BI27: 0 | BJ27: 0 | BK27: 0 | BL27: 0 | BM27: 0 | BN27: 0 | BO27: 0 | BP27: =SUM(BF27:BO27) -> 0 | BQ27: 693 | BR27: =SUM(BS27:BZ27) -> 24 | BS27: 0 | BT27: 0 | BU27: 2 | BV27: 17 | BW27: 1 | BX27: 0 | BY27: 0 | BZ27: 4 | CA27: 0 | CB27: 0 | CC27: 0 | CD27: 0 | CE27: 0 | CF27: 0 | CG27: 0 | CH27: 0 | CI27: 1 | CJ27: 0 | CK27: =SUM(CA27:CJ27) -> 1 | CL27: 691 | CM27: 159 | CN27: =SUM(CO27:CV27) -> 29 | CO27: 1 | CP27: 0 | CQ27: 1 | CR27: 20 | CS27: 0 | CT27: 0 | CU27: 2 | CV27: 5 | CW27: 0 | CX27: 0 | CY27: 0 | CZ27: 1 | DA27: 0 | DB27: 0 | DC27: 0 | DD27: 1 | DE27: 0 | DF27: 0 | DG27: =SUM(CW27:DF27) -> 2 | DH27: 651 | DI27: 180 | DJ27: 591 | DK27: 175 | DL27: =SUM(DO27:DV27) -> 28 | DM27: =(DO27+DP27+DQ27+DS27+DT27+DU27) -> 3 | DN27: =DR27+DV27 -> 25 | DO27: 1 | DP27: 0 | DQ27: 2 | DR27: 25 | DS27: 0 | DT27: 0 | DU27: 0 | DV27: 0 | DW27: 0 | DX27: 0 | DY27: 0 | DZ27: 1 | EA27: 0 | EB27: 0 | EC27: 0 | ED27: 0 | EE27: 0 | EF27: 0 | EG27: =SUM(DW27:EF27) -> 1 | EH27: =DW27+DX27+DY27+EA27+EB27+EC27+EE27+EF27 -> 0 | EI27: 653 | EJ27: 186 | EK27: 576 | EL27: 167 | EM27: =SUM(EP27:EW27) -> 27 | EN27: =(EP27+EQ27+ER27+ET27+EU27+EV27) -> 3 | EO27: =ES27+EW27 -> 24 | EP27: 0 | EQ27: 0 | ER27: 2 | ES27: 23 | ET27: 0 | EU27: 0 | EV27: 1 | EW27: 1 | EX27: 1 | EY27: 0 | EZ27: 0 | FA27: 1 | FF27: 1 | FH27: =SUM(EX27:FG27) -> 3 | FI27: =EX27+EY27+EZ27+FB27+FC27+FD27 -> 1 | FJ27: 650 | FK27: 184 | FL27: 563 | FM27: 144 | FO27: 27 | FP27: =SUM(FS27:FZ27) -> 27 | FQ27: 1 | FR27: 26 | FS27: 0 | FT27: 0 | FU27: 1 | FV27: 26 | FW27: 0 | FX27: 0 | FY27: 0 | FZ27: 0 | GA27: 0 | GB27: 0 | GC27: 0 | GD27: 0 | GE27: 0 | GF27: 0 | GG27: 0 | GH27: 0 | GI27: 0 | GJ27: 0 | GK27: 0 | GL27: 0 | GM27: 658 | GN27: 185 | GO27: 594 | GP27: 129 | GR27: 22 | GS27: 1 | GT27: =GU27+GV27 -> 22 | GU27: =GW27+GX27+GY27+HA27+HB27+HC27 -> 1 | GV27: =GZ27+HD27 -> 21 | GW27: 0 | GX27: 0 | GY27: 1 | GZ27: 21 | HA27: 0 | HB27: 0 | HC27: 0 | HD27: 0 | HE27: 0 | HF27: 0 | HG27: 0 | HH27: 3 | HI27: 0 | HJ27: 0 | HK27: 0 | HL27: 1 | HM27: 1 | HN27: 0 | HO27: =SUM(HE27:HN27) -> 5 | HP27: =HE27+HF27+HG27+HI27+HJ27+HK27 -> 0 | HT27: =H27 -> 25 | HU27: =P27 -> 29 | HV27: =X27 -> 24 | HW27: =AF27 -> 28 | HX27: =AN27 -> 20 | HY27: =AW27 -> 20 | HZ27: =BR27 -> 24 | IA27: =CN27 -> 29 | IB27: =DL27 -> 28 | IC27: =EM27 -> 27 | ID27: =FP27 -> 27 | IE27: =GT27 -> 22 | JB27: =SUM(I27:L27) -> 25 | JC27: =SUM(Q27:T27) -> 29 | JD27: =SUM(Y27:AB27) -> 24 | JE27: =SUM(AG27:AJ27) -> 28 | JF27: =SUM(AO27:AR27) -> 20 | JG27: =SUM(AX27:BE27) -> 20 | JH27: =SUM(BS27:BZ27) -> 24 | JI27: =SUM(CO27:CV27) -> 29 | JJ27: =SUM(DO27:DV27) -> 28 | JK27: =SUM(EP27:FA27) -> 29 | JL27: =SUM(FS27:FZ27) -> 27 | JM27: =SUM(GW27:HD27) -> 22 | JO27: =H27 -> 25 | JP27: 29 | JQ27: 24 | JR27: 28 | JS27: 20 | JV27: =IA27-JI27 -> 0 | JW27: =IB27-JJ27 -> 0 | JX27: =IC27-JK27 -> -2 | KB27: =JB27-JO27 -> 0 | KC27: =JC27-JP27 -> 0 | KD27: =JD27-JQ27 -> 0 | KE27: =JE27-JR27 -> 0 | KF27: =JF27-JS27 -> 0 | KG27: =JG27-JT27 -> 20 | KH27: =JH27-JU27 -> 24 | KI27: =JI27-JV27 -> 29 | ... KM27: =JM27-JZ27 -> 22
A28: 21 | B28: SEMARANG UTARA | C28: 3374120 | D28: BULU LOR | E28: Panggung Lor | F28: 14 | G28: 364 | H28: 0 | I28: 0 | J28: 0 | K28: 0 | L28: 0 | M28: 0 | N28: 0 | O28: =H28-(M28+N28) -> 0 | P28: 0 | Q28: 0 | R28: 0 | S28: 0 | T28: 0 | U28: 0 | V28: 0 | W28: =P28-(U28+V28) -> 0 | X28: 0 | Y28: 0 | Z28: 0 | AA28: 0 | AB28: 0 | AC28: 0 | AD28: 0 | AE28: =X28-(AC28+AD28) -> 0 | AF28: 1 | AG28: 0 | AH28: 0 | AI28: 0 | AJ28: 0 | AK28: 0 | AL28: 0 | AM28: 0 | AN28: 0 | AO28: 0 | AP28: 0 | AQ28: 0 | AR28: 0 | AS28: 0 | AT28: 0 | AU28: =AN28-(AS28+AT28) -> 0 | AV28: 322 | AW28: =SUM(AX28:BE28) -> 0 | AX28: 0 | AY28: 0 | AZ28: 0 | BA28: 0 | BB28: 0 | BC28: 0 | BD28: 0 | BE28: 0 | BF28: 0 | BG28: 0 | BH28: 0 | BI28: 0 | BJ28: 0 | BK28: 0 | BL28: 0 | BM28: 0 | BN28: 0 | BO28: 0 | BP28: =SUM(BF28:BO28) -> 0 | BQ28: 305 | BR28: =SUM(BS28:BZ28) -> 1 | BS28: 0 | BT28: 0 | BU28: 0 | BV28: 0 | BW28: 1 | BX28: 0 | BY28: 0 | BZ28: 0 | CA28: 0 | CB28: 0 | CC28: 0 | CD28: 0 | CE28: 0 | CF28: 0 | CG28: 0 | CH28: 0 | CI28: 0 | CJ28: 0 | CK28: =SUM(CA28:CJ28) -> 0 | CL28: 336 | CM28: 95 | CN28: =SUM(CO28:CV28) -> 2 | CO28: 1 | CP28: 0 | CQ28: 0 | CR28: 0 | CS28: 0 | CT28: 0 | CU28: 0 | CV28: 1 | CW28: 0 | CX28: 0 | CY28: 0 | CZ28: 0 | DA28: 0 | DB28: 0 | DC28: 0 | DD28: 0 | DE28: 0 | DF28: 0 | DG28: =SUM(CW28:DF28) -> 0 | DH28: 311 | DI28: 85 | DJ28: 311 | DK28: 85 | DL28: =SUM(DO28:DV28) -> 0 | DM28: =(DO28+DP28+DQ28+DS28+DT28+DU28) -> 0 | DN28: =DR28+DV28 -> 0 | DO28: 0 | DP28: 0 | DQ28: 0 | DR28: 0 | DS28: 0 | DT28: 0 | DU28: 0 | DV28: 0 | DW28: 1 | DX28: 0 | DY28: 0 | DZ28: 1 | EA28: 0 | EB28: 0 | EC28: 0 | ED28: 0 | EE28: 0 | EF28: 0 | EG28: =SUM(DW28:EF28) -> 2 | EH28: =DW28+DX28+DY28+EA28+EB28+EC28+EE28+EF28 -> 1 | EI28: 301 | EJ28: 74 | EK28: 195 | EL28: 74 | EM28: =SUM(EP28:EW28) -> 0 | EN28: =(EP28+EQ28+ER28+ET28+EU28+EV28) -> 0 | EO28: =ES28+EW28 -> 0 | EP28: 0 | EQ28: 0 | ER28: 0 | ES28: 0 | ET28: 0 | EU28: 0 | EV28: 0 | EW28: 0 | EX28: 0 | EY28: 0 | EZ28: 0 | FA28: 0 | FB28: 0 | FC28: 0 | FD28: 0 | FE28: 0 | FF28: 0 | FG28: 0 | FH28: =SUM(EX28:FG28) -> 0 | FI28: =EX28+EY28+EZ28+FB28+FC28+FD28 -> 0 | FJ28: 293 | FK28: 74 | FL28: 292 | FM28: 73 | FO28: 0 | FP28: =SUM(FS28:FZ28) -> 0 | FQ28: 0 | FR28: 0 | FS28: 0 | FT28: 0 | FU28: 0 | FV28: 0 | FW28: 0 | FX28: 0 | FY28: 0 | FZ28: 0 | GA28: 0 | GB28: 0 | GC28: 0 | GD28: 0 | GE28: 0 | GF28: 0 | GG28: 0 | GH28: 0 | GI28: 0 | GJ28: 0 | GK28: 0 | GL28: 0 | GM28: 281 | GN28: 71 | GO28: 279 | GP28: 70 | GR28: 0 | GS28: 0 | GT28: =GU28+GV28 -> 0 | GU28: =GW28+GX28+GY28+HA28+HB28+HC28 -> 0 | GV28: =GZ28+HD28 -> 0 | GW28: 0 | GX28: 0 | GY28: 0 | GZ28: 0 | HA28: 0 | HB28: 0 | HC28: 0 | HD28: 0 | HE28: 0 | HF28: 0 | HG28: 0 | HH28: 0 | HI28: 0 | HJ28: 0 | HK28: 0 | HL28: 0 | HM28: 0 | HN28: 0 | HO28: 0 | HP28: 0 | HT28: =H28 -> 0 | HU28: =P28 -> 0 | HV28: =X28 -> 0 | HW28: 0 | HX28: =AN28 -> 0 | HY28: =AW28 -> 0 | HZ28: =BR28 -> 1 | IA28: =CN28 -> 2 | IB28: =DL28 -> 0 | IC28: =EM28 -> 0 | ID28: =FP28 -> 0 | IE28: =GT28 -> 0 | JB28: =SUM(I28:L28) -> 0 | JC28: =SUM(Q28:T28) -> 0 | JD28: =SUM(Y28:AB28) -> 0 | JE28: =SUM(AG28:AJ28) -> 0 | JF28: =SUM(AO28:AR28) -> 0 | JG28: =SUM(AX28:BE28) -> 0 | JH28: =SUM(BS28:BZ28) -> 1 | JI28: =SUM(CO28:CV28) -> 2 | JJ28: =SUM(DO28:DV28) -> 0 | JK28: =SUM(EP28:FA28) -> 0 | JL28: =SUM(FS28:FZ28) -> 0 | JM28: =SUM(GW28:HD28) -> 0 | JO28: =H28 -> 0 | JP28: 0 | JQ28: 0 | JR28: 1 | JS28: 0 | JV28: =IA28-JI28 -> 0 | JW28: =IB28-JJ28 -> 0 | JX28: =IC28-JK28 -> 0 | KB28: =JB28-JO28 -> 0 | KC28: =JC28-JP28 -> 0 | KD28: =JD28-JQ28 -> 0 | KE28: =JE28-JR28 -> -1 | KF28: =JF28-JS28 -> 0 | KG28: =JG28-JT28 -> 0 | KH28: =JH28-JU28 -> 1 | KI28: =JI28-JV28 -> 2 | ... KM28: =JM28-JZ28 -> 0
A29: 22 | B29: SEMARANG UTARA | C29: 3374120 | D29: BULU LOR | E29: Panggung Kidul | F29: 8 | G29: 322 | H29: 10 | I29: 0 | J29: 2 | K29: 3 | L29: 5 | M29: 0 | N29: 0 | O29: =H29-(M29+N29) -> 10 | P29: 10 | Q29: 0 | R29: 2 | S29: 3 | T29: 5 | U29: 0 | V29: 0 | W29: =P29-(U29+V29) -> 10 | X29: 9 | Z29: 0 | AA29: 4 | AB29: 5 | AD29: 1 | AE29: =X29-(AC29+AD29) -> 8 | AF29: 9 | AG29: 0 | AH29: 0 | AI29: 4 | AJ29: 5 | AK29: 0 | AL29: 2 | AM29: =AF29-(AK29+AL29) -> 7 | AN29: 7 | AO29: 0 | AP29: 0 | AQ29: 1 | AR29: 6 | AS29: 0 | AT29: 0 | AU29: =AN29-(AS29+AT29) -> 7 | AV29: 364 | AW29: =SUM(AX29:BE29) -> 6 | AX29: 0 | AY29: 0 | AZ29: 1 | BA29: 5 | BB29: 0 | BC29: 0 | BD29: 0 | BE29: 0 | BF29: 0 | BG29: 0 | BH29: 0 | BI29: 0 | BJ29: 0 | BK29: 0 | BL29: 0 | BM29: 0 | BN29: 0 | BO29: 0 | BP29: 0 | BQ29: 380 | BR29: =SUM(BS29:BZ29) -> 5 | BS29: 0 | BT29: 0 | BU29: 1 | BV29: 4 | BW29: 0 | BX29: 0 | BY29: 0 | BZ29: 0 | CA29: 0 | CB29: 0 | CC29: 0 | CD29: 0 | CE29: 0 | CF29: 0 | CG29: 0 | CH29: 0 | CI29: 1 | CJ29: 0 | CK29: =SUM(CA29:CJ29) -> 1 | CL29: 398 | CM29: 120 | CN29: =SUM(CO29:CV29) -> 5 | CO29: 0 | CP29: 0 | CQ29: 1 | CR29: 4 | CS29: 0 | CT29: 0 | CU29: 0 | CV29: 0 | CW29: 0 | CX29: 0 | CY29: 0 | CZ29: 0 | DA29: 0 | DB29: 0 | DC29: 0 | DD29: 0 | DE29: 0 | DF29: 0 | DG29: =SUM(CW29:DF29) -> 0 | DH29: 375 | DI29: 111 | DJ29: 375 | DK29: 111 | DL29: =SUM(DO29:DV29) -> 5 | DM29: =(DO29+DP29+DQ29+DS29+DT29+DU29) -> 2 | DN29: =DR29+DV29 -> 3 | DO29: 0 | DP29: 0 | DQ29: 2 | DR29: 3 | DS29: 0 | DT29: 0 | DU29: 0 | DV29: 0 | DW29: 0 | DX29: 0 | DY29: 0 | DZ29: 0 | EA29: 0 | EB29: 0 | EC29: 0 | ED29: 0 | EE29: 0 | EF29: 0 | EG29: =SUM(DW29:EF29) -> 0 | EH29: =DW29+DX29+DY29+EA29+EB29+EC29+EE29+EF29 -> 0 | EI29: 370 | EJ29: 104 | EK29: 336 | EL29: 104 | EM29: =SUM(EP29:EW29) -> 5 | EN29: =(EP29+EQ29+ER29+ET29+EU29+EV29) -> 2 | EO29: =ES29+EW29 -> 3 | EP29: 0 | EQ29: 0 | ER29: 2 | ES29: 2 | ET29: 0 | EU29: 0 | EV29: 0 | EW29: 1 | EX29: 0 | EY29: 0 | EZ29: 0 | FA29: 1 | FB29: 0 | FC29: 0 | FD29: 0 | FE29: 0 | FF29: 0 | FG29: 0 | FH29: =SUM(EX29:FG29) -> 1 | FI29: =EX29+EY29+EZ29+FB29+FC29+FD29 -> 0 | FJ29: 371 | FK29: 105 | FL29: 371 | FM29: 105 | FO29: 5 | FP29: 5 | FQ29: 3 | FR29: 2 | FS29: 0 | FT29: 0 | FU29: 2 | FV29: 2 | FW29: 0 | FX29: 0 | FY29: 1 | FZ29: 0 | GA29: 0 | GB29: 0 | GC29: 0 | GD29: 1 | GE29: 0 | GF29: 0 | GG29: 0 | GH29: 0 | GI29: 0 | GJ29: 0 | GK29: 1 | GL29: 0 | GM29: 365 | GN29: 95 | GO29: 323 | GP29: 60 | GR29: 3 | GS29: 1 | GT29: =GU29+GV29 -> 3 | GU29: =GW29+GX29+GY29+HA29+HB29+HC29 -> 1 | GV29: =GZ29+HD29 -> 2 | GW29: 0 | GX29: 0 | GY29: 1 | GZ29: 2 | HA29: 0 | HB29: 0 | HC29: 0 | HD29: 0 | HE29: 0 | HF29: 0 | HG29: 0 | HH29: 0 | HI29: 0 | HJ29: 0 | HK29: 0 | HL29: 0 | HM29: 0 | HN29: 0 | HO29: 0 | HP29: 0 | HT29: =H29 -> 10 | HU29: =P29 -> 10 | HV29: =X29 -> 9 | HW29: =AF29 -> 9 | HX29: =AN29 -> 7 | HY29: =AW29 -> 6 | HZ29: =BR29 -> 5 | IA29: =CN29 -> 5 | IB29: =DL29 -> 5 | IC29: =EM29 -> 5 | ID29: =FP29 -> 5 | IE29: =GT29 -> 3 | JB29: =SUM(I29:L29) -> 5 | JC29: =SUM(Q29:T29) -> 10 | JD29: =SUM(Y29:AB29) -> 9 | JE29: =SUM(AG29:AJ29) -> 9 | JF29: =SUM(AO29:AR29) -> 7 | JG29: =SUM(AX29:BE29) -> 6 | JH29: =SUM(BS29:BZ29) -> 5 | JI29: =SUM(CO29:CV29) -> 5 | JJ29: =SUM(DO29:DV29) -> 5 | JK29: =SUM(EP29:FA29) -> 6 | JL29: =SUM(FS29:FZ29) -> 5 | JM29: =SUM(GW29:HD29) -> 3 | JO29: =H29 -> 10 | JP29: 10 | JQ29: 9 | JR29: 9 | JS29: 7 | JV29: =IA29-JI29 -> 0 | JW29: =IB29-JJ29 -> 0 | JX29: =IC29-JK29 -> -1 | KB29: =JB29-JO29 -> -5 | KC29: =JC29-JP29 -> 0 | KD29: =JD29-JQ29 -> 0 | KE29: =JE29-JR29 -> 0 | KF29: =JF29-JS29 -> 0 | KG29: =JG29-JT29 -> 6 | KH29: =JH29-JU29 -> 5 | KI29: =JI29-JV29 -> 5 | ... KM29: =JM29-JZ29 -> 3
A30: 23 | B30: SEMARANG UTARA | C30: 3374120 | D30: BANDARHARJO | E30: Tanjungmas | F30: 16 | G30: 2191 | H30: 112 | I30: 0 | J30: 0 | K30: 12 | L30: 100 | M30: 0 | N30: 1 | O30: =H30-(M30+N30) -> 111 | P30: 118 | Q30: 0 | R30: 0 | S30: 14 | T30: 104 | U30: 6 | V30: 1 | W30: =P30-(U30+V30) -> 111 | X30: 103 | Y30: 0 | Z30: 0 | AA30: 9 | AB30: 94 | AC30: 0 | AD30: 15 | AE30: =X30-(AC30+AD30) -> 88 | AF30: 89 | AH30: 1 | AI30: 10 | AJ30: 78 | AK30: 7 | AL30: 21 | AM30: =AF30-(AK30+AL30) -> 61 | AN30: 87 | AO30: 0 | AP30: 0 | AQ30: 11 | AR30: 76 | AU30: =AN30-(AS30+AT30) -> 87 | AV30: 2257 | AW30: =SUM(AX30:BE30) -> 77 | AX30: 0 | AY30: 1 | AZ30: 8 | BA30: 68 | BB30: 0 | BC30: 0 | BD30: 0 | BE30: 0 | BF30: 0 | BG30: 0 | BH30: 1 | BI30: 9 | BJ30: 0 | BK30: 0 | BL30: 0 | BM30: 0 | BN30: 0 | BO30: 0 | BP30: =SUM(BF30:BO30) -> 10 | BQ30: 2257 | BR30: =SUM(BS30:BZ30) -> 83 | BS30: 0 | BT30: 1 | BU30: 4 | BV30: 71 | BW30: 0 | BX30: 2 | BY30: 0 | BZ30: 5 | CA30: 0 | CB30: 0 | CC30: 0 | CD30: 0 | CE30: 0 | CF30: 0 | CG30: 0 | CH30: 0 | CI30: 0 | CJ30: 0 | CK30: =SUM(CA30:CJ30) -> 0 | CL30: 2245 | CM30: 712 | CN30: =SUM(CO30:CV30) -> 102 | CO30: 0 | CP30: 2 | CQ30: 5 | CR30: 74 | CS30: 0 | CT30: 0 | CU30: 3 | CV30: 18 | CW30: 0 | CX30: 0 | CY30: 0 | CZ30: 0 | DA30: 0 | DB30: 0 | DC30: 0 | DD30: 1 | DE30: 1 | DF30: 0 | DG30: =SUM(CW30:DF30) -> 2 | DH30: 1827 | DI30: 608 | DJ30: 1694 | DK30: 520 | DL30: =SUM(DO30:DV30) -> 89 | DM30: =(DO30+DP30+DQ30+DS30+DT30+DU30) -> 7 | DN30: =DR30+DV30 -> 82 | DO30: 0 | DP30: 3 | DQ30: 4 | DR30: 82 | DS30: 0 | DT30: 0 | DU30: 0 | DV30: 0 | DW30: 0 | DX30: 0 | DY30: 0 | DZ30: 3 | EB30: 1 | ED30: 3 | EE30: 5 | EF30: 0 | EG30: =SUM(DW30:EF30) -> 12 | EH30: =DW30+DX30+DY30+EA30+EB30+EC30+EE30+EF30 -> 6 | EI30: 1821 | EJ30: 598 | EK30: 1667 | EL30: 518 | EM30: =SUM(EP30:EW30) -> 83 | EN30: =(EP30+EQ30+ER30+ET30+EU30+EV30) -> 8 | EO30: =ES30+EW30 -> 75 | EP30: 0 | EQ30: 1 | ER30: 6 | ES30: 74 | ET30: 0 | EU30: 0 | EV30: 1 | EW30: 1 | EX30: 0 | EY30: 0 | EZ30: 0 | FA30: 7 | FB30: 0 | FC30: 0 | FD30: 0 | FF30: 1 | FH30: =SUM(EX30:FG30) -> 8 | FI30: =EX30+EY30+EZ30+FB30+FC30+FD30 -> 0 | FJ30: 1830 | FK30: 613 | FL30: 1683 | FM30: 506 | FO30: 91 | FP30: =SUM(FS30:FZ30) -> 91 | FQ30: 10 | FR30: 81 | FS30: 0 | FT30: 0 | FU30: 5 | FV30: 70 | FW30: 0 | FX30: 4 | FY30: 1 | FZ30: 11 | GA30: 0 | GB30: 1 | GC30: 1 | GD30: 5 | GE30: 0 | GF30: 0 | GG30: 0 | GH30: 1 | GI30: 0 | GJ30: 0 | GK30: 8 | GL30: 2 | GM30: 1839 | GN30: 625 | GO30: 1659 | GP30: 473 | GR30: 94 | GS30: 14 | GT30: =GU30+GV30 -> 94 | GU30: =GW30+GX30+GY30+HA30+HB30+HC30 -> 14 | GV30: =GZ30+HD30 -> 80 | GW30: 0 | GX30: 1 | GY30: 5 | GZ30: 75 | HA30: 0 | HB30: 2 | HC30: 6 | HD30: 5 | HE30: 0 | HF30: 1 | HG30: 2 | HH30: 5 | HI30: 0 | HJ30: 0 | HK30: 0 | HL30: 0 | HM30: 1 | HN30: 0 | HO30: =SUM(HE30:HN30) -> 9 | HP30: =HE30+HF30+HG30+HI30+HJ30+HK30 -> 3 | HT30: =H30 -> 112 | HU30: =P30 -> 118 | HV30: =X30 -> 103 | HW30: =AF30 -> 89 | HX30: =AN30 -> 87 | HY30: =AW30 -> 77 | HZ30: =BR30 -> 83 | IA30: =CN30 -> 102 | IB30: =DL30 -> 89 | IC30: =EM30 -> 83 | ID30: =FP30 -> 91 | IE30: =GT30 -> 94 | JB30: =SUM(I30:L30) -> 112 | JC30: =SUM(Q30:T30) -> 118 | JD30: =SUM(Y30:AB30) -> 103 | JE30: =SUM(AG30:AJ30) -> 89 | JF30: =SUM(AO30:AR30) -> 87 | JG30: =SUM(AX30:BE30) -> 77 | JH30: =SUM(BS30:BZ30) -> 83 | JI30: =SUM(CO30:CV30) -> 102 | JJ30: =SUM(DO30:DV30) -> 89 | JK30: =SUM(EP30:FA30) -> 90 | JL30: =SUM(FS30:FZ30) -> 91 | JM30: =SUM(GW30:HD30) -> 94 | JO30: =H30 -> 112 | JP30: 118 | JQ30: 103 | JR30: 89 | JS30: 87 | JV30: =IA30-JI30 -> 0 | JW30: =IB30-JJ30 -> 0 | JX30: =IC30-JK30 -> -7 | KB30: =JB30-JO30 -> 0 | KC30: =JC30-JP30 -> 0 | KD30: =JD30-JQ30 -> 0 | KE30: =JE30-JR30 -> 0 | KF30: =JF30-JS30 -> 0 | KG30: =JG30-JT30 -> 77 | KH30: =JH30-JU30 -> 83 | KI30: =JI30-JV30 -> 102 | ... KM30: =JM30-JZ30 -> 94
A31: 24 | B31: SEMARANG UTARA | C31: 3374120 | D31: BANDARHARJO | E31: Dadapsari | F31: 10 | G31: 476 | H31: 11 | I31: 0 | J31: 0 | K31: 2 | L31: 9 | M31: 0 | N31: 1 | O31: =H31-(M31+N31) -> 10 | P31: 15 | Q31: 0 | R31: 1 | S31: 1 | T31: 13 | U31: 4 | V31: 1 | W31: =P31-(U31+V31) -> 10 | X31: 15 | Y31: 0 | Z31: 0 | AA31: 2 | AB31: 13 | AC31: 2 | AD31: 2 | AE31: =X31-(AC31+AD31) -> 11 | AF31: 14 | AI31: 2 | AJ31: 12 | AK31: 2 | AL31: 3 | AM31: =AF31-(AK31+AL31) -> 9 | AN31: 13 | AO31: 0 | AP31: 0 | AQ31: 2 | AR31: 11 | AU31: =AN31-(AS31+AT31) -> 13 | AV31: 446 | AW31: =SUM(AX31:BE31) -> 13 | AX31: 0 | AY31: 0 | AZ31: 2 | BA31: 10 | BB31: 0 | BC31: 0 | BD31: 0 | BE31: 1 | BF31: 0 | BG31: 0 | BH31: 0 | BI31: 1 | BJ31: 0 | BK31: 0 | BL31: 0 | BM31: 0 | BN31: 0 | BO31: 0 | BP31: =SUM(BF31:BO31) -> 1 | BQ31: 449 | BR31: =SUM(BS31:BZ31) -> 14 | BS31: 0 | BT31: 0 | BU31: 2 | BV31: 9 | BW31: 0 | BX31: 0 | BY31: 1 | BZ31: 2 | CA31: 0 | CB31: 0 | CC31: 0 | CD31: 2 | CE31: 0 | CF31: 0 | CG31: 0 | CH31: 0 | CI31: 0 | CJ31: 0 | CK31: =SUM(CA31:CJ31) -> 2 | CL31: 443 | CM31: 119 | CN31: =SUM(CO31:CV31) -> 18 | CO31: 0 | CP31: 0 | CQ31: 3 | CR31: 10 | CS31: 0 | CT31: 0 | CU31: 1 | CV31: 4 | CW31: 0 | CX31: 0 | CY31: 0 | CZ31: 0 | DA31: 0 | DB31: 0 | DC31: 0 | DD31: 0 | DE31: 1 | DF31: 0 | DG31: =SUM(CW31:DF31) -> 1 | DH31: 355 | DI31: 77 | DJ31: 297 | DK31: 40 | DL31: =SUM(DO31:DV31) -> 18 | DM31: =(DO31+DP31+DQ31+DS31+DT31+DU31) -> 4 | DN31: =DR31+DV31 -> 14 | DO31: 0 | DP31: 0 | DQ31: 4 | DR31: 14 | DS31: 0 | DT31: 0 | DU31: 0 | DV31: 0 | DW31: 0 | DX31: 0 | DY31: 0 | DZ31: 0 | EA31: 0 | EB31: 0 | EC31: 0 | ED31: 0 | EE31: 0 | EF31: 0 | EG31: =SUM(DW31:EF31) -> 0 | EH31: =DW31+DX31+DY31+EA31+EB31+EC31+EE31+EF31 -> 0 | EI31: 364 | EJ31: 79 | EK31: 303 | EL31: 48 | EM31: =SUM(EP31:EW31) -> 14 | EN31: =(EP31+EQ31+ER31+ET31+EU31+EV31) -> 3 | EO31: =ES31+EW31 -> 11 | EP31: 0 | EQ31: 0 | ER31: 3 | ES31: 11 | ET31: 0 | EU31: 0 | EV31: 0 | EW31: 0 | EX31: 0 | EY31: 0 | EZ31: 0 | FA31: 3 | FF31: 1 | FH31: =SUM(EX31:FG31) -> 4 | FI31: =EX31+EY31+EZ31+FB31+FC31+FD31 -> 0 | FJ31: 352 | FK31: 80 | FL31: 294 | FM31: 40 | FO31: 14 | FP31: =SUM(FS31:FZ31) -> 14 | FQ31: 3 | FR31: 11 | FS31: 0 | FT31: 0 | FU31: 3 | FV31: 11 | FW31: 0 | FX31: 0 | FY31: 0 | FZ31: 0 | GA31: 0 | GB31: 0 | GC31: 0 | GD31: 0 | GE31: 0 | GF31: 0 | GG31: 0 | GH31: 0 | GI31: 0 | GJ31: 0 | GK31: 0 | GL31: 0 | GM31: 350 | GN31: 80 | GO31: 293 | GP31: 37 | GR31: 14 | GS31: 2 | GT31: =GU31+GV31 -> 14 | GU31: =GW31+GX31+GY31+HA31+HB31+HC31 -> 2 | GV31: =GZ31+HD31 -> 12 | GW31: 0 | GX31: 0 | GY31: 2 | GZ31: 10 | HA31: 0 | HB31: 0 | HC31: 0 | HD31: 2 | HE31: 0 | HF31: 0 | HG31: 0 | HH31: 2 | HI31: 0 | HJ31: 0 | HK31: 0 | HL31: 0 | HM31: 0 | HN31: 0 | HO31: =SUM(HE31:HN31) -> 2 | HP31: =HE31+HF31+HG31+HI31+HJ31+HK31 -> 0 | HT31: =H31 -> 11 | HU31: =P31 -> 15 | HV31: =X31 -> 15 | HW31: =AF31 -> 14 | HX31: =AN31 -> 13 | HY31: =AW31 -> 13 | HZ31: =BR31 -> 14 | IA31: =CN31 -> 18 | IB31: =DL31 -> 18 | IC31: =EM31 -> 14 | ID31: =FP31 -> 14 | IE31: =GT31 -> 14 | JB31: =SUM(I31:L31) -> 11 | JC31: =SUM(Q31:T31) -> 15 | JD31: =SUM(Y31:AB31) -> 15 | JE31: =SUM(AG31:AJ31) -> 14 | JF31: =SUM(AO31:AR31) -> 13 | JG31: =SUM(AX31:BE31) -> 13 | JH31: =SUM(BS31:BZ31) -> 14 | JI31: =SUM(CO31:CV31) -> 18 | JJ31: =SUM(DO31:DV31) -> 18 | JK31: =SUM(EP31:FA31) -> 17 | JL31: =SUM(FS31:FZ31) -> 14 | JM31: =SUM(GW31:HD31) -> 14 | JO31: =H31 -> 11 | JP31: 15 | JQ31: 15 | JR31: 14 | JS31: 13 | JV31: =IA31-JI31 -> 0 | JW31: =IB31-JJ31 -> 0 | JX31: =IC31-JK31 -> -3 | KB31: =JB31-JO31 -> 0 | KC31: =JC31-JP31 -> 0 | KD31: =JD31-JQ31 -> 0 | KE31: =JE31-JR31 -> 0 | KF31: =JF31-JS31 -> 0 | KG31: =JG31-JT31 -> 13 | KH31: =JH31-JU31 -> 14 | KI31: =JI31-JV31 -> 18 | ... KM31: =JM31-JZ31 -> 14
A32: 25 | B32: SEMARANG TIMUR | C32: 3374110 | D32: KARANGDORO | E32: Kemijen | F32: 11 | G32: 972 | H32: 35 | I32: 0 | J32: 4 | K32: 7 | L32: 24 | M32: 0 | N32: 0 | O32: =H32-(M32+N32) -> 35 | P32: 34 | Q32: 1 | R32: 2 | S32: 5 | T32: 26 | U32: 8 | V32: 1 | W32: =P32-(U32+V32) -> 25 | X32: 42 | Y32: 1 | Z32: 7 | AA32: 7 | AB32: 27 | AC32: 9 | AD32: 0 | AE32: =X32-(AC32+AD32) -> 33 | AF32: 46 | AG32: 3 | AH32: 5 | AI32: 6 | AJ32: 32 | AK32: 6 | AL32: 0 | AM32: =AF32-(AK32+AL32) -> 40 | AN32: 44 | AO32: 5 | AP32: 4 | AQ32: 9 | AR32: 26 | AS32: 5 | AT32: 2 | AU32: =AN32-(AS32+AT32) -> 37 | AV32: 912 | AW32: =SUM(AX32:BE32) -> 45 | AX32: 2 | AY32: 3 | AZ32: 9 | BA32: 29 | BB32: 0 | BC32: 0 | BD32: 0 | BE32: 2 | BF32: 1 | BG32: 0 | BH32: 1 | BI32: 0 | BJ32: 0 | BK32: 0 | BL32: 0 | BM32: 0 | BN32: 1 | BO32: 0 | BP32: =SUM(BF32:BO32) -> 3 | BQ32: 944 | BR32: =SUM(BS32:BZ32) -> 44 | BS32: 2 | BT32: 3 | BU32: 8 | BV32: 30 | BW32: 0 | BX32: 1 | BY32: 0 | BZ32: 0 | CA32: 0 | CB32: 0 | CC32: 0 | CD32: 2 | CE32: 0 | CF32: 0 | CG32: 0 | CH32: 0 | CI32: 0 | CJ32: 0 | CK32: =SUM(CA32:CJ32) -> 2 | CL32: 920 | CM32: 329 | CN32: =SUM(CO32:CV32) -> 47 | CO32: 2 | CP32: 0 | CQ32: 11 | CR32: 27 | CS32: 0 | CT32: 0 | CU32: 4 | CV32: 3 | CW32: 0 | CX32: 0 | CY32: 0 | CZ32: 0 | DA32: 0 | DB32: 0 | DC32: 0 | DD32: 1 | DE32: 0 | DF32: 0 | DG32: =SUM(CW32:DF32) -> 1 | DH32: 805 | DI32: 291 | DJ32: 741 | DK32: 268 | DL32: =SUM(DO32:DV32) -> 49 | DM32: =(DO32+DP32+DQ32+DS32+DT32+DU32) -> 18 | DN32: =DR32+DV32 -> 31 | DO32: 1 | DP32: 0 | DQ32: 15 | DR32: 31 | DS32: 0 | DT32: 1 | DU32: 1 | DV32: 0 | DW32: 0 | DX32: 0 | DY32: 1 | DZ32: 0 | EA32: 0 | EB32: 0 | EC32: 0 | ED32: 3 | EE32: 0 | EF32: 0 | EG32: =SUM(DW32:EF32) -> 4 | EH32: =DW32+DX32+DY32+EA32+EB32+EC32+EE32+EF32 -> 1 | EI32: 785 | EJ32: 283 | EK32: 744 | EL32: 274 | EM32: =SUM(EP32:EW32) -> 45 | EN32: =(EP32+EQ32+ER32+ET32+EU32+EV32) -> 17 | EO32: =ES32+EW32 -> 28 | EP32: 1 | EQ32: 1 | ER32: 15 | ES32: 28 | ET32: 0 | EU32: 0 | EV32: 0 | EW32: 0 | EX32: 0 | EY32: 0 | EZ32: 0 | FA32: 4 | FB32: 0 | FC32: 0 | FD32: 0 | FE32: 0 | FF32: 0 | FG32: 0 | FH32: =SUM(EX32:FG32) -> 4 | FI32: =EX32+EY32+EZ32+FB32+FC32+FD32 -> 0 | FJ32: 797 | FK32: 301 | FL32: 731 | FM32: 277 | FO32: 46 | FP32: =SUM(FS32:FZ32) -> 46 | FQ32: 16 | FR32: 30 | FS32: 0 | FT32: 2 | FU32: 11 | FV32: 29 | FW32: 3 | FX32: 0 | FY32: 0 | FZ32: 1 | GA32: 0 | GB32: 0 | GC32: 1 | GD32: 1 | GE32: 0 | GF32: 0 | GG32: 0 | GH32: 1 | GI32: 0 | GJ32: 0 | GK32: 3 | GL32: 1 | GM32: 787 | GN32: 283 | GO32: 749 | GP32: 274 | GR32: 40 | GS32: 11 | GT32: =GU32+GV32 -> 40 | GU32: =GW32+GX32+GY32+HA32+HB32+HC32 -> 11 | GV32: =GZ32+HD32 -> 29 | GW32: 1 | GX32: 1 | GY32: 9 | GZ32: 29 | HA32: 0 | HB32: 0 | HC32: 0 | HD32: 0 | HE32: 2 | HF32: 1 | HG32: 1 | HH32: 4 | HI32: 0 | HJ32: 0 | HK32: 0 | HL32: 0 | HM32: 0 | HN32: 0 | HO32: =SUM(HE32:HN32) -> 8 | HP32: =HE32+HF32+HG32+HI32+HJ32+HK32 -> 4 | HT32: =H32 -> 35 | HU32: =P32 -> 34 | HV32: =X32 -> 42 | HW32: =AF32 -> 46 | HX32: =AN32 -> 44 | HY32: =AW32 -> 45 | HZ32: =BR32 -> 44 | IA32: =CN32 -> 47 | IB32: =DL32 -> 49 | IC32: =EM32 -> 45 | ID32: =FP32 -> 46 | IE32: =GT32 -> 40 | JB32: =SUM(I32:L32) -> 35 | JC32: =SUM(Q32:T32) -> 34 | JD32: =SUM(Y32:AB32) -> 42 | JE32: =SUM(AG32:AJ32) -> 46 | JF32: =SUM(AO32:AR32) -> 44 | JG32: =SUM(AX32:BE32) -> 45 | JH32: =SUM(BS32:BZ32) -> 44 | JI32: =SUM(CO32:CV32) -> 47 | JJ32: =SUM(DO32:DV32) -> 49 | JK32: =SUM(EP32:FA32) -> 49 | JL32: =SUM(FS32:FZ32) -> 46 | JM32: =SUM(GW32:HD32) -> 40 | JO32: =H32 -> 35 | JP32: 34 | JQ32: 42 | JR32: 46 | JS32: 44 | JV32: =IA32-JI32 -> 0 | JW32: =IB32-JJ32 -> 0 | JX32: =IC32-JK32 -> -4 | KB32: =JB32-JO32 -> 0 | KC32: =JC32-JP32 -> 0 | KD32: =JD32-JQ32 -> 0 | KE32: =JE32-JR32 -> 0 | KF32: =JF32-JS32 -> 0 | KG32: =JG32-JT32 -> 45 | KH32: =JH32-JU32 -> 44 | KI32: =JI32-JV32 -> 47 | ... KM32: =JM32-JZ32 -> 40
A33: 26 | B33: SEMARANG TIMUR | C33: 3374110 | D33: KARANGDORO | E33: Rejomulyo | F33: 7 | G33: 161 | H33: 6 | I33: 0 | J33: 0 | K33: 2 | L33: 4 | M33: 0 | N33: 0 | O33: =H33-(M33+N33) -> 6 | P33: 8 | Q33: 0 | R33: 0 | S33: 3 | T33: 5 | U33: 2 | V33: 0 | W33: =P33-(U33+V33) -> 6 | X33: 11 | Y33: 0 | Z33: 0 | AA33: 4 | AB33: 7 | AC33: 1 | AD33: 1 | AE33: =X33-(AC33+AD33) -> 9 | AF33: 11 | AG33: 0 | AH33: 0 | AI33: 3 | AJ33: 8 | AK33: 2 | AL33: 1 | AM33: =AF33-(AK33+AL33) -> 8 | AN33: 10 | AO33: 0 | AP33: 0 | AQ33: 2 | AR33: 8 | AS33: 4 | AT33: 2 | AU33: =AN33-(AS33+AT33) -> 4 | AV33: 173 | AW33: =SUM(AX33:BE33) -> 11 | AX33: 0 | AY33: 0 | AZ33: 2 | BA33: 8 | BB33: 1 | BC33: 0 | BD33: 0 | BE33: 0 | BF33: 0 | BG33: 0 | BH33: 0 | BI33: 0 | BJ33: 0 | BK33: 0 | BL33: 0 | BM33: 0 | BN33: 0 | BO33: 0 | BP33: =SUM(BF33:BO33) -> 0 | BQ33: 176 | BR33: =SUM(BS33:BZ33) -> 10 | BS33: 1 | BT33: 0 | BU33: 2 | BV33: 7 | BW33: 0 | BX33: 0 | BY33: 0 | BZ33: 0 | CA33: 0 | CB33: 0 | CC33: 0 | CD33: 1 | CE33: 0 | CF33: 0 | CG33: 0 | CH33: 0 | CI33: 0 | CJ33: 0 | CK33: =SUM(CA33:CJ33) -> 1 | CL33: 162 | CM33: 55 | CN33: =SUM(CO33:CV33) -> 8 | CO33: 0 | CP33: 0 | CQ33: 2 | CR33: 6 | CS33: 0 | CT33: 0 | CU33: 0 | CV33: 0 | CW33: 0 | CX33: 0 | CY33: 0 | CZ33: 0 | DA33: 0 | DB33: 0 | DC33: 0 | DD33: 0 | DE33: 0 | DF33: 0 | DG33: =SUM(CW33:DF33) -> 0 | DH33: 141 | DI33: 50 | DJ33: 117 | DK33: 41 | DL33: =SUM(DO33:DV33) -> 9 | DM33: =(DO33+DP33+DQ33+DS33+DT33+DU33) -> 2 | DN33: =DR33+DV33 -> 7 | DO33: 0 | DP33: 0 | DQ33: 2 | DR33: 7 | DS33: 0 | DT33: 0 | DU33: 0 | DV33: 0 | DW33: 0 | DX33: 0 | DY33: 0 | DZ33: 0 | EA33: 0 | EB33: 0 | EC33: 1 | ED33: 0 | EE33: 0 | EF33: 0 | EG33: =SUM(DW33:EF33) -> 1 | EH33: =DW33+DX33+DY33+EA33+EB33+EC33+EE33+EF33 -> 1 | EI33: 142 | EJ33: 49 | EK33: 134 | EL33: 48 | EM33: =SUM(EP33:EW33) -> 8 | EN33: =(EP33+EQ33+ER33+ET33+EU33+EV33) -> 1 | EO33: =ES33+EW33 -> 7 | EP33: 1 | EQ33: 0 | ER33: 0 | ES33: 7 | ET33: 0 | EU33: 0 | EV33: 0 | EW33: 0 | EX33: 0 | EY33: 0 | EZ33: 0 | FA33: 1 | FB33: 0 | FC33: 0 | FD33: 0 | FE33: 0 | FF33: 0 | FG33: 0 | FH33: =SUM(EX33:FG33) -> 1 | FI33: =EX33+EY33+EZ33+FB33+FC33+FD33 -> 0 | FJ33: 146 | FK33: 53 | FL33: 129 | FM33: 46 | FO33: 8 | FP33: =SUM(FS33:FZ33) -> 8 | FQ33: 2 | FR33: 6 | FS33: 0 | FT33: 0 | FU33: 1 | FV33: 6 | FW33: 1 | FX33: 0 | FY33: 0 | FZ33: 0 | GA33: 0 | GB33: 0 | GC33: 0 | GD33: 2 | GE33: 0 | GF33: 0 | GG33: 0 | GH33: 0 | GI33: 1 | GJ33: 0 | GK33: 3 | GL33: 0 | GM33: 143 | GN33: 51 | GO33: 107 | GP33: 40 | GR33: 6 | GS33: 1 | GT33: =GU33+GV33 -> 6 | GU33: =GW33+GX33+GY33+HA33+HB33+HC33 -> 1 | GV33: =GZ33+HD33 -> 5 | GW33: 0 | GX33: 0 | GY33: 1 | GZ33: 5 | HA33: 0 | HB33: 0 | HC33: 0 | HD33: 0 | HE33: 0 | HF33: 0 | HG33: 0 | HH33: 1 | HI33: 0 | HJ33: 0 | HK33: 0 | HL33: 0 | HM33: 0 | HN33: 0 | HO33: =SUM(HE33:HN33) -> 1 | HP33: =HE33+HF33+HG33+HI33+HJ33+HK33 -> 0 | HT33: =H33 -> 6 | HU33: =P33 -> 8 | HV33: =X33 -> 11 | HW33: =AF33 -> 11 | HX33: =AN33 -> 10 | HY33: =AW33 -> 11 | HZ33: =BR33 -> 10 | IA33: =CN33 -> 8 | IB33: =DL33 -> 9 | IC33: =EM33 -> 8 | ID33: =FP33 -> 8 | IE33: =GT33 -> 6 | JB33: =SUM(I33:L33) -> 6 | JC33: =SUM(Q33:T33) -> 8 | JD33: =SUM(Y33:AB33) -> 11 | JE33: =SUM(AG33:AJ33) -> 11 | JF33: =SUM(AO33:AR33) -> 10 | JG33: =SUM(AX33:BE33) -> 11 | JH33: =SUM(BS33:BZ33) -> 10 | JI33: =SUM(CO33:CV33) -> 8 | JJ33: =SUM(DO33:DV33) -> 9 | JK33: =SUM(EP33:FA33) -> 9 | JL33: =SUM(FS33:FZ33) -> 8 | JM33: =SUM(GW33:HD33) -> 6 | JO33: =H33 -> 6 | JP33: 8 | JQ33: 11 | JR33: 11 | JS33: 10 | JV33: =IA33-JI33 -> 0 | JW33: =IB33-JJ33 -> 0 | JX33: =IC33-JK33 -> -1 | KB33: =JB33-JO33 -> 0 | KC33: =JC33-JP33 -> 0 | KD33: =JD33-JQ33 -> 0 | KE33: =JE33-JR33 -> 0 | KF33: =JF33-JS33 -> 0 | KG33: =JG33-JT33 -> 11 | KH33: =JH33-JU33 -> 10 | KI33: =JI33-JV33 -> 8 | ... KM33: =JM33-JZ33 -> 6
A34: 27 | B34: SEMARANG TIMUR | C34: 3374110 | D34: KARANGDORO | E34: Mlatibaru | F34: 9 | G34: 344 | H34: 30 | I34: 1 | J34: 1 | K34: 4 | L34: 24 | M34: 0 | N34: 0 | O34: =H34-(M34+N34) -> 30 | P34: 30 | Q34: 1 | R34: 2 | S34: 3 | T34: 24 | U34: 0 | V34: 0 | W34: =P34-(U34+V34) -> 30 | X34: 24 | Y34: 1 | Z34: 1 | AA34: 1 | AB34: 21 | AC34: 1 | AD34: 0 | AE34: =X34-(AC34+AD34) -> 23 | AF34: 22 | AG34: 0 | AH34: 0 | AI34: 2 | AJ34: 20 | AK34: 4 | AL34: 4 | AM34: =AF34-(AK34+AL34) -> 14 | AN34: 26 | AO34: 0 | AP34: 1 | AQ34: 4 | AR34: 21 | AS34: 1 | AT34: 1 | AU34: =AN34-(AS34+AT34) -> 24 | AV34: 359 | AW34: =SUM(AX34:BE34) -> 24 | AX34: 1 | AY34: 0 | AZ34: 5 | BA34: 18 | BB34: 0 | BC34: 0 | BD34: 0 | BE34: 0 | BF34: 0 | BG34: 0 | BH34: 1 | BI34: 1 | BJ34: 0 | BK34: 0 | BL34: 0 | BM34: 0 | BN34: 1 | BO34: 0 | BP34: =SUM(BF34:BO34) -> 3 | BQ34: 327 | BR34: =SUM(BS34:BZ34) -> 23 | BS34: 1 | BT34: 0 | BU34: 5 | BV34: 16 | BW34: 1 | BX34: 0 | BY34: 0 | BZ34: 0 | CA34: 0 | CB34: 0 | CC34: 1 | CD34: 0 | CE34: 0 | CF34: 0 | CG34: 0 | CH34: 0 | CI34: 2 | CJ34: 0 | CK34: =SUM(CA34:CJ34) -> 3 | CL34: 332 | CM34: 124 | CN34: =SUM(CO34:CV34) -> 24 | CO34: 2 | CP34: 0 | CQ34: 5 | CR34: 17 | CS34: 0 | CT34: 0 | CU34: 0 | CV34: 0 | CW34: 0 | CX34: 0 | CY34: 0 | CZ34: 0 | DA34: 0 | DB34: 0 | DC34: 0 | DD34: 0 | DE34: 0 | DF34: 0 | DG34: =SUM(CW34:DF34) -> 0 | DH34: 282 | DI34: 112 | DJ34: 258 | DK34: 97 | DL34: =SUM(DO34:DV34) -> 22 | DM34: =(DO34+DP34+DQ34+DS34+DT34+DU34) -> 5 | DN34: =DR34+DV34 -> 17 | DO34: 2 | DP34: 0 | DQ34: 3 | DR34: 17 | DS34: 0 | DT34: 0 | DU34: 0 | DV34: 0 | DW34: 0 | DX34: 0 | DY34: 2 | DZ34: 0 | EA34: 0 | EB34: 0 | EC34: 0 | ED34: 0 | EE34: 0 | EF34: 0 | EG34: =SUM(DW34:EF34) -> 2 | EH34: =DW34+DX34+DY34+EA34+EB34+EC34+EE34+EF34 -> 2 | EI34: 280 | EJ34: 100 | EK34: 253 | EL34: 92 | EM34: =SUM(EP34:EW34) -> 20 | EN34: =(EP34+EQ34+ER34+ET34+EU34+EV34) -> 3 | EO34: =ES34+EW34 -> 17 | EP34: 1 | EQ34: 2 | ER34: 0 | ES34: 17 | ET34: 0 | EU34: 0 | EV34: 0 | EW34: 0 | EX34: 0 | EY34: 0 | EZ34: 0 | FA34: 1 | FB34: 0 | FC34: 0 | FD34: 0 | FE34: 1 | FF34: 0 | FG34: 0 | FH34: =SUM(EX34:FG34) -> 2 | FI34: =EX34+EY34+EZ34+FB34+FC34+FD34 -> 0 | FJ34: 276 | FK34: 105 | FL34: 243 | FM34: 93 | FO34: 17 | FP34: =SUM(FS34:FZ34) -> 17 | FQ34: 4 | FR34: 13 | FS34: 1 | FT34: 1 | FU34: 1 | FV34: 13 | FW34: 1 | FX34: 0 | FY34: 0 | FZ34: 0 | GA34: 0 | GB34: 0 | GC34: 0 | GD34: 0 | GE34: 0 | GF34: 0 | GG34: 0 | GH34: 1 | GI34: 0 | GJ34: 0 | GK34: 1 | GL34: 0 | GM34: 278 | GN34: 103 | GO34: 244 | GP34: 86 | GR34: 15 | GS34: 4 | GT34: =GU34+GV34 -> 15 | GU34: =GW34+GX34+GY34+HA34+HB34+HC34 -> 4 | GV34: =GZ34+HD34 -> 11 | GW34: 1 | GX34: 2 | GY34: 0 | GZ34: 11 | HA34: 1 | HB34: 0 | HC34: 0 | HD34: 0 | HE34: 0 | HF34: 0 | HG34: 1 | HH34: 1 | HI34: 0 | HJ34: 0 | HK34: 0 | HL34: 0 | HM34: 1 | HN34: 0 | HO34: =SUM(HE34:HN34) -> 3 | HP34: =HE34+HF34+HG34+HI34+HJ34+HK34 -> 1 | HT34: =H34 -> 30 | HU34: =P34 -> 30 | HV34: =X34 -> 24 | HW34: =AF34 -> 22 | HX34: =AN34 -> 26 | HY34: =AW34 -> 24 | HZ34: =BR34 -> 23 | IA34: =CN34 -> 24 | IB34: =DL34 -> 22 | IC34: =EM34 -> 20 | ID34: =FP34 -> 17 | IE34: =GT34 -> 15 | JB34: =SUM(I34:L34) -> 30 | JC34: =SUM(Q34:T34) -> 30 | JD34: =SUM(Y34:AB34) -> 24 | JE34: =SUM(AG34:AJ34) -> 22 | JF34: =SUM(AO34:AR34) -> 26 | JG34: =SUM(AX34:BE34) -> 24 | JH34: =SUM(BS34:BZ34) -> 23 | JI34: =SUM(CO34:CV34) -> 24 | JJ34: =SUM(DO34:DV34) -> 22 | JK34: =SUM(EP34:FA34) -> 21 | JL34: =SUM(FS34:FZ34) -> 17 | JM34: =SUM(GW34:HD34) -> 15 | JO34: =H34 -> 30 | JP34: 30 | JQ34: 24 | JR34: 22 | JS34: 26 | JV34: =IA34-JI34 -> 0 | JW34: =IB34-JJ34 -> 0 | JX34: =IC34-JK34 -> -1 | KB34: =JB34-JO34 -> 0 | KC34: =JC34-JP34 -> 0 | KD34: =JD34-JQ34 -> 0 | KE34: =JE34-JR34 -> 0 | KF34: =JF34-JS34 -> 0 | KG34: =JG34-JT34 -> 24 | KH34: =JH34-JU34 -> 23 | KI34: =JI34-JV34 -> 24 | ... KM34: =JM34-JZ34 -> 15
A35: 28 | B35: SEMARANG TIMUR | C35: 3374110 | D35: BUGANGAN | E35: kebon agung | F35: 6 | G35: 210 | H35: 10 | I35: 0 | J35: 0 | K35: 2 | L35: 8 | M35: 0 | N35: 0 | O35: =H35-(M35+N35) -> 10 | P35: 10 | Q35: 0 | R35: 0 | S35: 2 | T35: 8 | U35: 0 | V35: 0 | W35: =P35-(U35+V35) -> 10 | X35: 10 | Y35: 0 | Z35: 0 | AA35: 2 | AB35: 8 | AC35: 0 | AD35: 0 | AE35: =X35-(AC35+AD35) -> 10 | AF35: 5 | AG35: 0 | AH35: 0 | AI35: 2 | AJ35: 3 | AK35: 0 | AL35: 5 | AM35: =AF35-(AK35+AL35) -> 0 | AN35: 5 | AO35: 0 | AP35: 0 | AQ35: 2 | AR35: 3 | AS35: 0 | AT35: 5 | AU35: =AN35-(AS35+AT35) -> 0 | AV35: 210 | AW35: =SUM(AX35:BE35) -> 1 | AX35: 0 | AY35: 0 | AZ35: 1 | BA35: 0 | BB35: 0 | BC35: 0 | BD35: 0 | BE35: 0 | BF35: 0 | BG35: 0 | BH35: 0 | BI35: 0 | BJ35: 0 | BK35: 0 | BL35: 0 | BM35: 0 | BN35: 1 | BO35: 0 | BP35: =SUM(BF35:BO35) -> 1 | BQ35: 210 | BR35: =SUM(BS35:BZ35) -> 1 | BS35: 0 | BT35: 0 | BU35: 0 | BV35: 1 | BW35: 0 | BX35: 0 | BY35: 0 | BZ35: 0 | CA35: 0 | CB35: 0 | CC35: 0 | CD35: 0 | CE35: 0 | CF35: 0 | CG35: 0 | CH35: 0 | CI35: 2 | CJ35: 0 | CK35: =SUM(CA35:CJ35) -> 2 | CL35: 210 | CM35: 46 | CN35: =SUM(CO35:CV35) -> 3 | CO35: 1 | CP35: 0 | CQ35: 0 | CR35: 1 | CS35: 0 | CT35: 1 | CU35: 0 | CV35: 0 | CW35: 0 | CX35: 0 | CY35: 0 | CZ35: 0 | DA35: 0 | DB35: 0 | DC35: 0 | DD35: 0 | DE35: 0 | DF35: 0 | DG35: =SUM(CW35:DF35) -> 0 | DH35: 219 | DI35: 46 | DJ35: 219 | DK35: 46 | DL35: =SUM(DO35:DV35) -> 3 | DM35: =(DO35+DP35+DQ35+DS35+DT35+DU35) -> 2 | DN35: =DR35+DV35 -> 1 | DO35: 1 | DP35: 1 | DQ35: 0 | DR35: 1 | DS35: 0 | DT35: 0 | DU35: 0 | DV35: 0 | DW35: 0 | DX35: 0 | DY35: 0 | DZ35: 0 | EA35: 0 | EB35: 0 | EC35: 0 | ED35: 0 | EE35: 0 | EF35: 0 | EG35: =SUM(DW35:EF35) -> 0 | EH35: =DW35+DX35+DY35+EA35+EB35+EC35+EE35+EF35 -> 0 | EI35: 218 | EJ35: 45 | EK35: 218 | EL35: 45 | EM35: =SUM(EP35:EW35) -> 4 | EN35: =(EP35+EQ35+ER35+ET35+EU35+EV35) -> 3 | EO35: =ES35+EW35 -> 1 | EP35: 1 | EQ35: 1 | ER35: 0 | ES35: 1 | ET35: 0 | EU35: 0 | EV35: 1 | EW35: 0 | EX35: 0 | EY35: 0 | EZ35: 0 | FA35: 0 | FB35: 0 | FC35: 0 | FD35: 0 | FE35: 0 | FF35: 0 | FG35: 0 | FH35: =SUM(EX35:FG35) -> 0 | FI35: =EX35+EY35+EZ35+FB35+FC35+FD35 -> 0 | FJ35: 213 | FK35: 44 | FL35: 212 | FM35: 44 | FO35: 1 | FP35: =SUM(FS35:FZ35) -> 1 | FQ35: 0 | FR35: 1 | FS35: 0 | FT35: 0 | FU35: 0 | FV35: 1 | FW35: 0 | FX35: 0 | FY35: 0 | FZ35: 0 | GA35: 0 | GB35: 0 | GC35: 0 | GD35: 0 | GE35: 0 | GF35: 1 | GG35: 2 | GH35: 0 | GI35: 0 | GJ35: 0 | GK35: 3 | GL35: 3 | GM35: 208 | GN35: 46 | GO35: 208 | GP35: 46 | GR35: 0 | GS35: 0 | GT35: =GU35+GV35 -> 0 | GU35: =GW35+GX35+GY35+HA35+HB35+HC35 -> 0 | GV35: =GZ35+HD35 -> 0 | GW35: 0 | GX35: 0 | GY35: 0 | GZ35: 0 | HA35: 0 | HB35: 0 | HC35: 0 | HD35: 0 | HE35: 0 | HF35: 0 | HG35: 0 | HH35: 1 | HI35: 0 | HJ35: 0 | HK35: 0 | HL35: 0 | HM35: 0 | HN35: 0 | HO35: =SUM(HE35:HN35) -> 1 | HP35: =HE35+HF35+HG35+HI35+HJ35+HK35 -> 0 | HT35: =H35 -> 10 | HU35: =P35 -> 10 | HV35: =X35 -> 10 | HW35: =AF35 -> 5 | HX35: =AN35 -> 5 | HY35: =AW35 -> 1 | HZ35: =BR35 -> 1 | IA35: =CN35 -> 3 | IB35: =DL35 -> 3 | IC35: =EM35 -> 4 | ID35: =FP35 -> 1 | IE35: =GT35 -> 0 | JB35: =SUM(I35:L35) -> 10 | JC35: =SUM(Q35:T35) -> 10 | JD35: =SUM(Y35:AB35) -> 10 | JE35: =SUM(AG35:AJ35) -> 5 | JF35: =SUM(AO35:AR35) -> 5 | JG35: =SUM(AX35:BE35) -> 1 | JH35: =SUM(BS35:BZ35) -> 1 | JI35: =SUM(CO35:CV35) -> 3 | JJ35: =SUM(DO35:DV35) -> 3 | JK35: =SUM(EP35:FA35) -> 4 | JL35: =SUM(FS35:FZ35) -> 1 | JM35: =SUM(GW35:HD35) -> 0 | JO35: =H35 -> 10 | JP35: 10 | JQ35: 10 | JR35: 5 | JS35: 5 | JV35: =IA35-JI35 -> 0 | JW35: =IB35-JJ35 -> 0 | JX35: =IC35-JK35 -> 0 | KB35: =JB35-JO35 -> 0 | KC35: =JC35-JP35 -> 0 | KD35: =JD35-JQ35 -> 0 | KE35: =JE35-JR35 -> 0 | KF35: =JF35-JS35 -> 0 | KG35: =JG35-JT35 -> 1 | KH35: =JH35-JU35 -> 1 | KI35: =JI35-JV35 -> 3 | ... KM35: =JM35-JZ35 -> 0
A36: 29 | B36: SEMARANG TIMUR | C36: 3374110 | D36: BUGANGAN | E36: Mlatiharjo | F36: 7 | G36: 307 | H36: 9 | I36: 0 | J36: 0 | K36: 2 | L36: 7 | M36: 0 | N36: 0 | O36: =H36-(M36+N36) -> 9 | P36: 9 | Q36: 0 | R36: 0 | S36: 2 | T36: 7 | U36: 0 | V36: 0 | W36: =P36-(U36+V36) -> 9 | X36: 9 | Y36: 0 | Z36: 0 | AA36: 2 | AB36: 7 | AC36: 0 | AD36: 0 | AE36: =X36-(AC36+AD36) -> 9 | AF36: 9 | AG36: 0 | AH36: 0 | AI36: 2 | AJ36: 7 | AK36: 0 | AL36: 0 | AM36: =AF36-(AK36+AL36) -> 9 | AN36: 5 | AO36: 0 | AP36: 0 | AQ36: 2 | AR36: 3 | AS36: 0 | AT36: 4 | AU36: =AN36-(AS36+AT36) -> 1 | AV36: 307 | AW36: =SUM(AX36:BE36) -> 2 | AX36: 0 | AY36: 0 | AZ36: 2 | BA36: 0 | BB36: 0 | BC36: 0 | BD36: 0 | BE36: 0 | BF36: 0 | BG36: 0 | BH36: 0 | BI36: 0 | BJ36: 0 | BK36: 0 | BL36: 0 | BM36: 0 | BN36: 1 | BO36: 0 | BP36: =SUM(BF36:BO36) -> 1 | BQ36: 308 | BR36: =SUM(BS36:BZ36) -> 3 | BS36: 0 | BT36: 0 | BU36: 0 | BV36: 2 | BW36: 0 | BX36: 0 | BY36: 0 | BZ36: 1 | CA36: 0 | CB36: 0 | CC36: 0 | CD36: 0 | CE36: 0 | CF36: 0 | CG36: 0 | CH36: 0 | CI36: 1 | CJ36: 0 | CK36: =SUM(CA36:CJ36) -> 1 | CL36: 308 | CM36: 62 | CN36: =SUM(CO36:CV36) -> 10 | CO36: 0 | CP36: 1 | CQ36: 1 | CR36: 7 | CS36: 0 | CT36: 0 | CU36: 1 | CV36: 0 | CW36: 0 | CX36: 0 | CY36: 0 | CZ36: 0 | DA36: 0 | DB36: 0 | DC36: 0 | DD36: 0 | DE36: 0 | DF36: 0 | DG36: =SUM(CW36:DF36) -> 0 | DH36: 245 | DI36: 58 | DJ36: 245 | DK36: 58 | DL36: =SUM(DO36:DV36) -> 10 | DM36: =(DO36+DP36+DQ36+DS36+DT36+DU36) -> 3 | DN36: =DR36+DV36 -> 7 | DO36: 0 | DP36: 1 | DQ36: 2 | DR36: 7 | DS36: 0 | DT36: 0 | DU36: 0 | DV36: 0 | DW36: 0 | DX36: 0 | DY36: 0 | DZ36: 0 | EA36: 0 | EB36: 0 | EC36: 0 | ED36: 0 | EE36: 0 | EF36: 0 | EG36: =SUM(DW36:EF36) -> 0 | EH36: =DW36+DX36+DY36+EA36+EB36+EC36+EE36+EF36 -> 0 | EI36: 237 | EJ36: 57 | EK36: 237 | EL36: 57 | EM36: =SUM(EP36:EW36) -> 14 | EN36: =(EP36+EQ36+ER36+ET36+EU36+EV36) -> 5 | EO36: =ES36+EW36 -> 9 | EP36: 0 | EQ36: 1 | ER36: 2 | ES36: 5 | ET36: 0 | EU36: 0 | EV36: 2 | EW36: 4 | EX36: 0 | EY36: 0 | EZ36: 0 | FA36: 2 | FB36: 0 | FC36: 0 | FD36: 0 | FE36: 0 | FF36: 0 | FG36: 0 | FH36: =SUM(EX36:FG36) -> 2 | FI36: =EX36+EY36+EZ36+FB36+FC36+FD36 -> 0 | FJ36: 230 | FK36: 59 | FL36: 227 | FM36: 58 | FO36: 13 | FP36: =SUM(FS36:FZ36) -> 13 | FQ36: 5 | FR36: 8 | FS36: 0 | FT36: 0 | FU36: 5 | FV36: 7 | FW36: 0 | FX36: 0 | FY36: 0 | FZ36: 1 | GA36: 0 | GB36: 0 | GC36: 0 | GD36: 0 | GE36: 0 | GF36: 0 | GG36: 0 | GH36: 2 | GI36: 0 | GJ36: 0 | GK36: 2 | GL36: 0 | GM36: 227 | GN36: 58 | GO36: 227 | GP36: 58 | GR36: 11 | GS36: 4 | GT36: =GU36+GV36 -> 11 | GU36: =GW36+GX36+GY36+HA36+HB36+HC36 -> 4 | GV36: =GZ36+HD36 -> 7 | GW36: 0 | GX36: 0 | GY36: 4 | GZ36: 5 | HA36: 0 | HB36: 0 | HC36: 0 | HD36: 2 | HE36: 0 | HF36: 0 | HG36: 1 | HH36: 3 | HI36: 0 | HJ36: 0 | HK36: 0 | HL36: 0 | HM36: 0 | HN36: 0 | HO36: =SUM(HE36:HN36) -> 4 | HP36: =HE36+HF36+HG36+HI36+HJ36+HK36 -> 1 | HT36: =H36 -> 9 | HU36: =P36 -> 9 | HV36: =X36 -> 9 | HW36: =AF36 -> 9 | HX36: =AN36 -> 5 | HY36: =AW36 -> 2 | HZ36: =BR36 -> 3 | IA36: =CN36 -> 10 | IB36: =DL36 -> 10 | IC36: =EM36 -> 14 | ID36: =FP36 -> 13 | IE36: =GT36 -> 11 | JB36: =SUM(I36:L36) -> 9 | JC36: =SUM(Q36:T36) -> 9 | JD36: =SUM(Y36:AB36) -> 9 | JE36: =SUM(AG36:AJ36) -> 9 | JF36: =SUM(AO36:AR36) -> 5 | JG36: =SUM(AX36:BE36) -> 2 | JH36: =SUM(BS36:BZ36) -> 3 | JI36: =SUM(CO36:CV36) -> 10 | JJ36: =SUM(DO36:DV36) -> 10 | JK36: =SUM(EP36:FA36) -> 16 | JL36: =SUM(FS36:FZ36) -> 13 | JM36: =SUM(GW36:HD36) -> 11 | JO36: =H36 -> 9 | JP36: 9 | JQ36: 9 | JR36: 9 | JS36: 5 | JV36: =IA36-JI36 -> 0 | JW36: =IB36-JJ36 -> 0 | JX36: =IC36-JK36 -> -2 | KB36: =JB36-JO36 -> 0 | KC36: =JC36-JP36 -> 0 | KD36: =JD36-JQ36 -> 0 | KE36: =JE36-JR36 -> 0 | KF36: =JF36-JS36 -> 0 | KG36: =JG36-JT36 -> 2 | KH36: =JH36-JU36 -> 3 | KI36: =JI36-JV36 -> 10 | ... KM36: =JM36-JZ36 -> 11
A37: 30 | B37: SEMARANG TIMUR | C37: 3374110 | D37: BUGANGAN | E37: Bugangan | F37: 10 | G37: 385 | H37: 14 | I37: 0 | J37: 0 | K37: 3 | L37: 11 | M37: 0 | N37: 0 | O37: =H37-(M37+N37) -> 14 | P37: 14 | Q37: 0 | R37: 0 | S37: 3 | T37: 11 | U37: 0 | V37: 0 | W37: =P37-(U37+V37) -> 14 | X37: 14 | Y37: 0 | Z37: 0 | AA37: 3 | AB37: 11 | AC37: 0 | AD37: 0 | AE37: =X37-(AC37+AD37) -> 14 | AF37: 10 | AG37: 0 | AH37: 0 | AI37: 3 | AJ37: 7 | AK37: 0 | AL37: 4 | AM37: =AF37-(AK37+AL37) -> 6 | AN37: 10 | AO37: 0 | AP37: 0 | AQ37: 3 | AR37: 7 | AS37: 0 | AT37: 4 | AU37: =AN37-(AS37+AT37) -> 6 | AV37: 389 | AW37: =SUM(AX37:BE37) -> 3 | AX37: 0 | AY37: 0 | AZ37: 3 | BA37: 0 | BB37: 0 | BC37: 0 | BD37: 0 | BE37: 0 | BF37: 0 | BG37: 0 | BH37: 0 | BI37: 0 | BJ37: 0 | BK37: 0 | BL37: 0 | BM37: 0 | BN37: 1 | BO37: 0 | BP37: =SUM(BF37:BO37) -> 1 | BQ37: 390 | BR37: =SUM(BS37:BZ37) -> 3 | BS37: 0 | BT37: 0 | BU37: 0 | BV37: 3 | BW37: 0 | BX37: 0 | BY37: 0 | BZ37: 0 | CA37: 0 | CB37: 0 | CC37: 0 | CD37: 0 | CE37: 0 | CF37: 0 | CG37: 0 | CH37: 0 | CI37: 2 | CJ37: 0 | CK37: =SUM(CA37:CJ37) -> 2 | CL37: 392 | CM37: 93 | CN37: =SUM(CO37:CV37) -> 2 | CO37: 0 | CP37: 0 | CQ37: 0 | CR37: 1 | CS37: 0 | CT37: 0 | CU37: 1 | CV37: 0 | CW37: 0 | CX37: 0 | CY37: 0 | CZ37: 0 | DA37: 0 | DB37: 0 | DC37: 0 | DD37: 0 | DE37: 0 | DF37: 0 | DG37: =SUM(CW37:DF37) -> 0 | DH37: 343 | DI37: 78 | DJ37: 343 | DK37: 78 | DL37: =SUM(DO37:DV37) -> 2 | DM37: =(DO37+DP37+DQ37+DS37+DT37+DU37) -> 1 | DN37: =DR37+DV37 -> 1 | DO37: 0 | DP37: 0 | DQ37: 1 | DR37: 1 | DS37: 0 | DT37: 0 | DU37: 0 | DV37: 0 | DW37: 0 | DX37: 0 | DY37: 0 | DZ37: 0 | EA37: 0 | EB37: 0 | EC37: 0 | ED37: 0 | EE37: 0 | EF37: 0 | EG37: =SUM(DW37:EF37) -> 0 | EH37: =DW37+DX37+DY37+EA37+EB37+EC37+EE37+EF37 -> 0 | EI37: 339 | EJ37: 76 | EK37: 339 | EL37: 76 | EM37: =SUM(EP37:EW37) -> 4 | EN37: =(EP37+EQ37+ER37+ET37+EU37+EV37) -> 2 | EO37: =ES37+EW37 -> 2 | EP37: 0 | EQ37: 0 | ER37: 1 | ES37: 1 | ET37: 0 | EU37: 0 | EV37: 1 | EW37: 1 | EX37: 0 | EY37: 0 | EZ37: 0 | FA37: 0 | FB37: 0 | FC37: 0 | FD37: 0 | FE37: 0 | FF37: 0 | FG37: 0 | FH37: =SUM(EX37:FG37) -> 0 | FI37: =EX37+EY37+EZ37+FB37+FC37+FD37 -> 0 | FJ37: 340 | FK37: 81 | FL37: 336 | FM37: 80 | FO37: 2 | FP37: =SUM(FS37:FZ37) -> 2 | FQ37: 1 | FR37: 1 | FS37: 0 | FT37: 0 | FU37: 0 | FV37: 1 | FW37: 0 | FX37: 0 | FY37: 1 | FZ37: 0 | GA37: 0 | GB37: 0 | GC37: 0 | GD37: 1 | GE37: 0 | GF37: 0 | GG37: 2 | GH37: 0 | GI37: 0 | GJ37: 0 | GK37: 3 | GL37: 2 | GM37: 328 | GN37: 76 | GO37: 328 | GP37: 76 | GR37: 2 | GS37: 1 | GT37: =GU37+GV37 -> 2 | GU37: =GW37+GX37+GY37+HA37+HB37+HC37 -> 1 | GV37: =GZ37+HD37 -> 1 | GW37: 0 | GX37: 0 | GY37: 1 | GZ37: 1 | HA37: 0 | HB37: 0 | HC37: 0 | HD37: 0 | HE37: 0 | HF37: 0 | HG37: 0 | HH37: 0 | HI37: 0 | HJ37: 0 | HK37: 0 | HN37: 0 | HO37: =SUM(HE37:HN37) -> 0 | HP37: =HE37+HF37+HG37+HI37+HJ37+HK37 -> 0 | HT37: =H37 -> 14 | HU37: =P37 -> 14 | HV37: =X37 -> 14 | HW37: =AF37 -> 10 | HX37: =AN37 -> 10 | HY37: =AW37 -> 3 | HZ37: =BR37 -> 3 | IA37: =CN37 -> 2 | IB37: =DL37 -> 2 | IC37: =EM37 -> 4 | ID37: =FP37 -> 2 | IE37: =GT37 -> 2 | JB37: =SUM(I37:L37) -> 14 | JC37: =SUM(Q37:T37) -> 14 | JD37: =SUM(Y37:AB37) -> 14 | JE37: =SUM(AG37:AJ37) -> 10 | JF37: =SUM(AO37:AR37) -> 10 | JG37: =SUM(AX37:BE37) -> 3 | JH37: =SUM(BS37:BZ37) -> 3 | JI37: =SUM(CO37:CV37) -> 2 | JJ37: =SUM(DO37:DV37) -> 2 | JK37: =SUM(EP37:FA37) -> 4 | JL37: =SUM(FS37:FZ37) -> 2 | JM37: =SUM(GW37:HD37) -> 2 | JO37: =H37 -> 14 | JP37: 14 | JQ37: 14 | JR37: 10 | JS37: 10 | JV37: =IA37-JI37 -> 0 | JW37: =IB37-JJ37 -> 0 | JX37: =IC37-JK37 -> 0 | KB37: =JB37-JO37 -> 0 | KC37: =JC37-JP37 -> 0 | KD37: =JD37-JQ37 -> 0 | KE37: =JE37-JR37 -> 0 | KF37: =JF37-JS37 -> 0 | KG37: =JG37-JT37 -> 3 | KH37: =JH37-JU37 -> 3 | KI37: =JI37-JV37 -> 2 | ... KM37: =JM37-JZ37 -> 2
A38: 31 | B38: SEMARANG TIMUR | C38: 3374110 | D38: HALMAHERA | E38: Sarirejo | F38: 9 | G38: 291 | H38: 1 | I38: 0 | J38: 0 | K38: 1 | L38: 0 | M38: 1 | N38: 0 | O38: =H38-(M38+N38) -> 0 | P38: 1 | Q38: 0 | R38: 0 | S38: 1 | T38: 0 | U38: 0 | V38: 0 | W38: =P38-(U38+V38) -> 1 | X38: 1 | Y38: 0 | Z38: 0 | AA38: 1 | AB38: 0 | AC38: 0 | AD38: 0 | AE38: =X38-(AC38+AD38) -> 1 | AF38: 1 | AG38: 0 | AH38: 0 | AI38: 1 | AJ38: 0 | AK38: 0 | AL38: 0 | AM38: =AF38-(AK38+AL38) -> 1 | AN38: 16 | AO38: 1 | AP38: 4 | AQ38: 6 | AR38: 5 | AS38: 15 | AT38: 0 | AU38: =AN38-(AS38+AT38) -> 1 | AV38: 335 | AW38: =SUM(AX38:BE38) -> 11 | AX38: 0 | AY38: 1 | AZ38: 6 | BA38: 3 | BB38: 0 | BC38: 0 | BD38: 1 | BE38: 0 | BF38: 0 | BG38: 3 | BH38: 0 | BI38: 2 | BJ38: 0 | BK38: 0 | BL38: 0 | BM38: 0 | BN38: 0 | BO38: 0 | BP38: =SUM(BF38:BO38) -> 5 | BQ38: 341 | BR38: =SUM(BS38:BZ38) -> 6 | BS38: 0 | BT38: 0 | BU38: 0 | BV38: 2 | BW38: 0 | BX38: 1 | BY38: 0 | BZ38: 3 | CA38: 0 | CB38: 2 | CC38: 5 | CD38: 2 | CE38: 0 | CF38: 0 | CG38: 0 | CH38: 0 | CI38: 0 | CJ38: 0 | CK38: =SUM(CA38:CJ38) -> 9 | CL38: 293 | CM38: 109 | CN38: =SUM(CO38:CV38) -> 12 | CO38: 0 | CP38: 1 | CQ38: 0 | CR38: 4 | CS38: 0 | CT38: 2 | CU38: 0 | CV38: 5 | CW38: 0 | CX38: 0 | CY38: 0 | CZ38: 1 | DA38: 0 | DB38: 0 | DC38: 0 | DD38: 0 | DE38: 0 | DF38: 0 | DG38: =SUM(CW38:DF38) -> 1 | DH38: 277 | DI38: 99 | DJ38: 277 | DK38: 99 | DL38: =SUM(DO38:DV38) -> 13 | DM38: =(DO38+DP38+DQ38+DS38+DT38+DU38) -> 2 | DN38: =DR38+DV38 -> 11 | DO38: 0 | DP38: 1 | DQ38: 0 | DR38: 9 | DS38: 1 | DT38: 0 | DU38: 0 | DV38: 2 | DW38: 1 | DX38: 1 | DY38: 0 | DZ38: 0 | EA38: 0 | EB38: 0 | EC38: 0 | ED38: 0 | EE38: 0 | EF38: 0 | EG38: =SUM(DW38:EF38) -> 2 | EH38: =DW38+DX38+DY38+EA38+EB38+EC38+EE38+EF38 -> 2 | EI38: 270 | EJ38: 99 | EK38: 270 | EL38: 99 | EM38: =SUM(EP38:EW38) -> 12 | EN38: =(EP38+EQ38+ER38+ET38+EU38+EV38) -> 1 | EO38: =ES38+EW38 -> 11 | EP38: 0 | EQ38: 0 | ER38: 1 | ES38: 11 | ET38: 0 | EU38: 0 | EV38: 0 | EW38: 0 | EX38: 0 | EY38: 0 | EZ38: 0 | FA38: 0 | FB38: 0 | FC38: 0 | FD38: 0 | FE38: 0 | FF38: 0 | FG38: 0 | FH38: =SUM(EX38:FG38) -> 0 | FI38: =EX38+EY38+EZ38+FB38+FC38+FD38 -> 0 | FJ38: 266 | FK38: 98 | FL38: 266 | FM38: 98 | FO38: 11 | FP38: 11 | FQ38: 2 | FR38: 9 | FS38: 0 | FT38: 0 | FU38: 2 | FV38: 9 | FW38: 0 | FX38: 0 | FY38: 0 | FZ38: 0 | GA38: 0 | GB38: 0 | GC38: 0 | GD38: 1 | GE38: 0 | GF38: 0 | GG38: 0 | GH38: 0 | GI38: 0 | GJ38: 0 | GK38: 1 | GL38: 0 | GM38: 268 | GN38: 103 | GO38: 257 | GP38: 99 | GR38: 10 | GS38: 2 | GT38: =GU38+GV38 -> 10 | GU38: =GW38+GX38+GY38+HA38+HB38+HC38 -> 2 | GV38: =GZ38+HD38 -> 8 | GW38: 0 | GX38: 0 | GY38: 2 | GZ38: 8 | HA38: 0 | HB38: 0 | HC38: 0 | HD38: 0 | HE38: 0 | HF38: 0 | HG38: 0 | HH38: 0 | HI38: 0 | HJ38: 0 | HK38: 0 | HL38: 1 | HM38: 0 | HN38: 0 | HO38: 1 | HP38: 0 | HT38: =H38 -> 1 | HU38: =P38 -> 1 | HV38: =X38 -> 1 | HW38: =AF38 -> 1 | HX38: =AN38 -> 16 | HY38: =AW38 -> 11 | HZ38: =BR38 -> 6 | IA38: =CN38 -> 12 | IB38: =DL38 -> 13 | IC38: =EM38 -> 12 | ID38: =FP38 -> 11 | IE38: =GT38 -> 10 | JB38: =SUM(I38:L38) -> 1 | JC38: =SUM(Q38:T38) -> 1 | JD38: =SUM(Y38:AB38) -> 1 | JE38: =SUM(AG38:AJ38) -> 1 | JF38: =SUM(AO38:AR38) -> 16 | JG38: =SUM(AX38:BE38) -> 11 | JH38: =SUM(BS38:BZ38) -> 6 | JI38: =SUM(CO38:CV38) -> 12 | JJ38: =SUM(DO38:DV38) -> 13 | JK38: =SUM(EP38:FA38) -> 12 | JL38: =SUM(FS38:FZ38) -> 11 | JM38: =SUM(GW38:HD38) -> 10 | JO38: =H38 -> 1 | JP38: 1 | JQ38: 1 | JR38: 1 | JS38: 16 | JV38: =IA38-JI38 -> 0 | JW38: =IB38-JJ38 -> 0 | JX38: =IC38-JK38 -> 0 | KB38: =JB38-JO38 -> 0 | KC38: =JC38-JP38 -> 0 | KD38: =JD38-JQ38 -> 0 | KE38: =JE38-JR38 -> 0 | KF38: =JF38-JS38 -> 0 | KG38: =JG38-JT38 -> 11 | KH38: =JH38-JU38 -> 6 | KI38: =JI38-JV38 -> 12 | ... KM38: =JM38-JZ38 -> 10
A39: 32 | B39: SEMARANG TIMUR | C39: 3374110 | D39: HALMAHERA | E39: Rejosari | F39: 14 | G39: 548 | H39: 7 | I39: 0 | J39: 0 | K39: 1 | L39: 6 | M39: 6 | N39: 0 | O39: =H39-(M39+N39) -> 1 | P39: 11 | Q39: 0 | R39: 0 | S39: 2 | T39: 9 | U39: 4 | V39: 0 | W39: =P39-(U39+V39) -> 7 | X39: 11 | Y39: 0 | Z39: 0 | AA39: 2 | AB39: 9 | AC39: 0 | AD39: 0 | AE39: =X39-(AC39+AD39) -> 11 | AF39: 9 | AG39: 0 | AH39: 0 | AI39: 2 | AJ39: 7 | AK39: 0 | AL39: 2 | AM39: =AF39-(AK39+AL39) -> 7 | AN39: 18 | AO39: 1 | AP39: 3 | AQ39: 3 | AR39: 11 | AS39: 11 | AT39: 0 | AU39: =AN39-(AS39+AT39) -> 7 | AV39: 674 | AW39: =SUM(AX39:BE39) -> 13 | AX39: 0 | AY39: 0 | AZ39: 0 | BA39: 9 | BB39: 0 | BC39: 0 | BD39: 2 | BE39: 2 | BF39: 1 | BG39: 3 | BH39: 1 | BI39: 0 | BJ39: 0 | BK39: 0 | BL39: 0 | BM39: 0 | BN39: 0 | BO39: 0 | BP39: =SUM(BF39:BO39) -> 5 | BQ39: 713 | BR39: =SUM(BS39:BZ39) -> 7 | BS39: 0 | BT39: 0 | BU39: 1 | BV39: 6 | BW39: 0 | BX39: 0 | BY39: 0 | BZ39: 0 | CA39: 0 | CB39: 0 | CC39: 1 | CD39: 5 | CE39: 0 | CF39: 0 | CG39: 0 | CH39: 0 | CI39: 0 | CJ39: 0 | CK39: =SUM(CA39:CJ39) -> 6 | CL39: 688 | CM39: 208 | CN39: =SUM(CO39:CV39) -> 9 | CO39: 0 | CP39: 0 | CQ39: 1 | CR39: 6 | CS39: 1 | CT39: 0 | CU39: 1 | CV39: 0 | CW39: 0 | CX39: 0 | CY39: 0 | CZ39: 0 | DA39: 0 | DB39: 0 | DC39: 0 | DD39: 0 | DE39: 0 | DF39: 0 | DG39: =SUM(CW39:DF39) -> 0 | DH39: 606 | DI39: 201 | DJ39: 606 | DK39: 201 | DL39: =SUM(DO39:DV39) -> 7 | DM39: =(DO39+DP39+DQ39+DS39+DT39+DU39) -> 2 | DN39: =DR39+DV39 -> 5 | DO39: 0 | DP39: 0 | DQ39: 2 | DR39: 5 | DS39: 0 | DT39: 0 | DU39: 0 | DV39: 0 | DW39: 1 | DX39: 0 | DY39: 0 | DZ39: 1 | EA39: 0 | EB39: 0 | EC39: 0 | ED39: 0 | EE39: 0 | EF39: 0 | EG39: =SUM(DW39:EF39) -> 2 | EH39: =DW39+DX39+DY39+EA39+EB39+EC39+EE39+EF39 -> 1 | EI39: 585 | EJ39: 206 | EK39: 585 | EL39: 206 | EM39: =SUM(EP39:EW39) -> 8 | EN39: =(EP39+EQ39+ER39+ET39+EU39+EV39) -> 2 | EO39: =ES39+EW39 -> 6 | EP39: 0 | EQ39: 0 | ER39: 2 | ES39: 5 | ET39: 0 | EU39: 0 | EV39: 0 | EW39: 1 | EX39: 0 | EY39: 0 | EZ39: 0 | FA39: 0 | FB39: 0 | FC39: 0 | FD39: 0 | FE39: 0 | FF39: 0 | FG39: 0 | FH39: =SUM(EX39:FG39) -> 0 | FI39: =EX39+EY39+EZ39+FB39+FC39+FD39 -> 0 | FJ39: 587 | FK39: 210 | FL39: 587 | FM39: 210 | FO39: 8 | FP39: 8 | FQ39: 1 | FR39: 7 | FS39: 0 | FT39: 0 | FU39: 1 | FV39: 6 | FW39: 0 | FX39: 0 | FY39: 0 | FZ39: 1 | GA39: 0 | GB39: 0 | GC39: 0 | GD39: 1 | GE39: 0 | GF39: 0 | GG39: 0 | GH39: 0 | GI39: 0 | GJ39: 0 | GK39: 1 | GL39: 0 | GM39: 575 | GN39: 204 | GO39: 565 | GP39: 196 | GR39: 6 | GS39: 2 | GT39: =GU39+GV39 -> 6 | GU39: =GW39+GX39+GY39+HA39+HB39+HC39 -> 2 | GV39: =GZ39+HD39 -> 4 | GW39: 0 | GX39: 0 | GY39: 1 | GZ39: 4 | HA39: 0 | HB39: 0 | HC39: 1 | HD39: 0 | HE39: 0 | HF39: 0 | HG39: 0 | HH39: 3 | HI39: 0 | HJ39: 0 | HK39: 0 | HL39: 0 | HM39: 0 | HN39: 0 | HO39: 3 | HP39: 0 | HT39: =H39 -> 7 | HU39: =P39 -> 11 | HV39: =X39 -> 11 | HW39: =AF39 -> 9 | HX39: =AN39 -> 18 | HY39: =AW39 -> 13 | HZ39: =BR39 -> 7 | IA39: =CN39 -> 9 | IB39: =DL39 -> 7 | IC39: =EM39 -> 8 | ID39: =FP39 -> 8 | IE39: =GT39 -> 6 | JB39: =SUM(I39:L39) -> 7 | JC39: =SUM(Q39:T39) -> 11 | JD39: =SUM(Y39:AB39) -> 11 | JE39: =SUM(AG39:AJ39) -> 9 | JF39: =SUM(AO39:AR39) -> 18 | JG39: =SUM(AX39:BE39) -> 13 | JH39: =SUM(BS39:BZ39) -> 7 | JI39: =SUM(CO39:CV39) -> 9 | JJ39: =SUM(DO39:DV39) -> 7 | JK39: =SUM(EP39:FA39) -> 8 | JL39: =SUM(FS39:FZ39) -> 8 | JM39: =SUM(GW39:HD39) -> 6 | JO39: =H39 -> 7 | JP39: 11 | JQ39: 11 | JR39: 9 | JS39: 18 | JV39: =IA39-JI39 -> 0 | JW39: =IB39-JJ39 -> 0 | JX39: =IC39-JK39 -> 0 | KB39: =JB39-JO39 -> 0 | KC39: =JC39-JP39 -> 0 | KD39: =JD39-JQ39 -> 0 | KE39: =JE39-JR39 -> 0 | KF39: =JF39-JS39 -> 0 | KG39: =JG39-JT39 -> 13 | KH39: =JH39-JU39 -> 7 | KI39: =JI39-JV39 -> 9 | ... KM39: =JM39-JZ39 -> 6
A40: 33 | B40: SEMARANG TIMUR | C40: 3374110 | D40: HALMAHERA | E40: Karangturi | F40: 5 | G40: 104 | H40: 0 | I40: 0 | J40: 0 | K40: 0 | L40: 0 | M40: 0 | N40: 0 | O40: =H40-(M40+N40) -> 0 | P40: 0 | Q40: 0 | R40: 0 | S40: 0 | T40: 0 | U40: 0 | V40: 0 | W40: =P40-(U40+V40) -> 0 | X40: 0 | Y40: 0 | Z40: 0 | AA40: 0 | AB40: 0 | AC40: 0 | AD40: 0 | AE40: =X40-(AC40+AD40) -> 0 | AF40: 0 | AG40: 0 | AH40: 0 | AI40: 0 | AJ40: 0 | AK40: 0 | AL40: 0 | AM40: =AF40-(AK40+AL40) -> 0 | AN40: 0 | AO40: 0 | AP40: 0 | AQ40: 0 | AR40: 0 | AS40: 0 | AT40: 0 | AU40: =AN40-(AS40+AT40) -> 0 | AV40: 108 | AW40: =SUM(AX40:BE40) -> 4 | AX40: 0 | AY40: 0 | AZ40: 0 | BA40: 0 | BB40: 0 | BC40: 0 | BD40: 3 | BE40: 1 | BF40: 0 | BG40: 0 | BH40: 0 | BI40: 0 | BJ40: 0 | BK40: 0 | BL40: 0 | BM40: 0 | BN40: 0 | BO40: 0 | BP40: =SUM(BF40:BO40) -> 0 | BQ40: 120 | BR40: =SUM(BS40:BZ40) -> 2 | BS40: 0 | BT40: 0 | BU40: 0 | BV40: 1 | BW40: 0 | BX40: 0 | BY40: 0 | BZ40: 1 | CA40: 0 | CB40: 0 | CC40: 3 | CD40: 0 | CE40: 0 | CF40: 0 | CG40: 0 | CH40: 0 | CI40: 0 | CJ40: 0 | CK40: =SUM(CA40:CJ40) -> 3 | CL40: 109 | CM40: 44 | CN40: =SUM(CO40:CV40) -> 2 | CO40: 0 | CP40: 0 | CQ40: 0 | CR40: 1 | CS40: 0 | CT40: 0 | CU40: 0 | CV40: 1 | CW40: 0 | CX40: 0 | CY40: 0 | CZ40: 1 | DA40: 0 | DB40: 0 | DC40: 0 | DD40: 0 | DE40: 0 | DF40: 0 | DG40: =SUM(CW40:DF40) -> 1 | DH40: 98 | DI40: 41 | DJ40: 98 | DK40: 41 | DL40: =SUM(DO40:DV40) -> 2 | DM40: =(DO40+DP40+DQ40+DS40+DT40+DU40) -> 0 | DN40: =DR40+DV40 -> 2 | DO40: 0 | DP40: 0 | DQ40: 0 | DR40: 2 | DS40: 0 | DT40: 0 | DU40: 0 | DV40: 0 | DW40: 0 | DX40: 0 | DY40: 0 | DZ40: 0 | EA40: 0 | EB40: 0 | EC40: 0 | ED40: 0 | EE40: 0 | EF40: 0 | EG40: =SUM(DW40:EF40) -> 0 | EH40: =DW40+DX40+DY40+EA40+EB40+EC40+EE40+EF40 -> 0 | EI40: 101 | EJ40: 45 | EK40: 101 | EL40: 45 | EM40: =SUM(EP40:EW40) -> 3 | EN40: =(EP40+EQ40+ER40+ET40+EU40+EV40) -> 0 | EO40: =ES40+EW40 -> 3 | EP40: 0 | EQ40: 0 | ER40: 0 | ES40: 2 | ET40: 0 | EU40: 0 | EV40: 0 | EW40: 1 | EX40: 0 | EY40: 0 | EZ40: 0 | FA40: 0 | FB40: 0 | FC40: 0 | FD40: 0 | FE40: 0 | FF40: 0 | FG40: 0 | FH40: =SUM(EX40:FG40) -> 0 | FI40: =EX40+EY40+EZ40+FB40+FC40+FD40 -> 0 | FJ40: 105 | FK40: 47 | FL40: 70 | FM40: 26 | FO40: 3 | FP40: 3 | FQ40: 0 | FR40: 3 | FS40: 0 | FT40: 0 | FU40: 0 | FV40: 3 | FW40: 0 | FX40: 0 | FY40: 0 | FZ40: 0 | GA40: 0 | GB40: 0 | GC40: 0 | GD40: 0 | GE40: 0 | GF40: 0 | GG40: 0 | GH40: 0 | GI40: 0 | GJ40: 0 | GK40: 0 | GL40: 0 | GM40: 103 | GN40: 41 | GO40: 79 | GP40: 31 | GR40: 3 | GS40: 0 | GT40: =GU40+GV40 -> 3 | GU40: =GW40+GX40+GY40+HA40+HB40+HC40 -> 0 | GV40: =GZ40+HD40 -> 3 | GW40: 0 | GX40: 0 | GY40: 0 | GZ40: 3 | HA40: 0 | HB40: 0 | HC40: 0 | HD40: 0 | HE40: 0 | HF40: 0 | HG40: 0 | HH40: 0 | HI40: 0 | HJ40: 0 | HK40: 0 | HL40: 0 | HM40: 0 | HN40: 0 | HO40: 0 | HP40: 0 | HT40: =H40 -> 0 | HU40: =P40 -> 0 | HV40: =X40 -> 0 | HW40: =AF40 -> 0 | HX40: =AN40 -> 0 | HY40: =AW40 -> 4 | HZ40: =BR40 -> 2 | IA40: =CN40 -> 2 | IB40: =DL40 -> 2 | IC40: =EM40 -> 3 | ID40: =FP40 -> 3 | IE40: =GT40 -> 3 | JB40: =SUM(I40:L40) -> 0 | JC40: =SUM(Q40:T40) -> 0 | JD40: =SUM(Y40:AB40) -> 0 | JE40: =SUM(AG40:AJ40) -> 0 | JF40: =SUM(AO40:AR40) -> 0 | JG40: =SUM(AX40:BE40) -> 4 | JH40: =SUM(BS40:BZ40) -> 2 | JI40: =SUM(CO40:CV40) -> 2 | JJ40: =SUM(DO40:DV40) -> 2 | JK40: =SUM(EP40:FA40) -> 3 | JL40: =SUM(FS40:FZ40) -> 3 | JM40: =SUM(GW40:HD40) -> 3 | JO40: =H40 -> 0 | JP40: 0 | JQ40: 0 | JR40: 0 | JS40: 0 | JV40: =IA40-JI40 -> 0 | JW40: =IB40-JJ40 -> 0 | JX40: =IC40-JK40 -> 0 | KB40: =JB40-JO40 -> 0 | KC40: =JC40-JP40 -> 0 | KD40: =JD40-JQ40 -> 0 | KE40: =JE40-JR40 -> 0 | KF40: =JF40-JS40 -> 0 | KG40: =JG40-JT40 -> 4 | KH40: =JH40-JU40 -> 2 | KI40: =JI40-JV40 -> 2 | ... KM40: =JM40-JZ40 -> 3
A41: 34 | B41: SEMARANG TIMUR | C41: 3374110 | D41: HALMAHERA | E41: Karangtempel | F41: 1 | G41: 50 | H41: 0 | I41: 0 | J41: 0 | K41: 0 | L41: 0 | M41: 0 | N41: 0 | O41: =H41-(M41+N41) -> 0 | P41: 0 | Q41: 0 | R41: 0 | S41: 0 | T41: 0 | U41: 0 | V41: 0 | W41: =P41-(U41+V41) -> 0 | X41: 0 | Y41: 0 | Z41: 0 | AA41: 0 | AB41: 0 | AC41: 0 | AD41: 0 | AE41: =X41-(AC41+AD41) -> 0 | AF41: 0 | AG41: 0 | AH41: 0 | AI41: 0 | AJ41: 0 | AK41: 0 | AL41: 0 | AM41: =AF41-(AK41+AL41) -> 0 | AN41: 1 | AO41: 0 | AP41: 0 | AQ41: 1 | AR41: 0 | AS41: 1 | AT41: 0 | AU41: =AN41-(AS41+AT41) -> 0 | AV41: 59 | AW41: =SUM(AX41:BE41) -> 0 | AX41: 0 | AY41: 0 | AZ41: 0 | BA41: 0 | BB41: 0 | BC41: 0 | BD41: 0 | BE41: 0 | BF41: 0 | BG41: 0 | BH41: 0 | BI41: 0 | BJ41: 0 | BK41: 0 | BL41: 0 | BM41: 0 | BN41: 0 | BO41: 0 | BP41: 0 | BQ41: 64 | BR41: =SUM(BS41:BZ41) -> 1 | BS41: 0 | BT41: 0 | BU41: 0 | BV41: 0 | BW41: 0 | BX41: 0 | BY41: 0 | BZ41: 1 | CA41: 0 | CB41: 0 | CC41: 0 | CD41: 0 | CE41: 0 | CF41: 0 | CG41: 0 | CH41: 0 | CI41: 0 | CJ41: 0 | CK41: 0 | CL41: 43 | CM41: 15 | CN41: =SUM(CO41:CV41) -> 1 | CO41: 0 | CP41: 0 | CQ41: 0 | CR41: 1 | CS41: 0 | CT41: 0 | CU41: 0 | CV41: 0 | CW41: 0 | CX41: 0 | CY41: 0 | CZ41: 0 | DA41: 0 | DB41: 0 | DC41: 0 | DD41: 0 | DE41: 0 | DF41: 0 | DG41: =SUM(CW41:DF41) -> 0 | DH41: 38 | DI41: 14 | DJ41: 38 | DK41: 14 | DL41: =SUM(DO41:DV41) -> 1 | DM41: =(DO41+DP41+DQ41+DS41+DT41+DU41) -> 0 | DN41: =DR41+DV41 -> 1 | DO41: 0 | DP41: 0 | DQ41: 0 | DR41: 1 | DS41: 0 | DT41: 0 | DU41: 0 | DV41: 0 | DW41: 0 | DX41: 0 | DY41: 0 | DZ41: 0 | EA41: 0 | EB41: 0 | EC41: 0 | ED41: 0 | EE41: 0 | EF41: 0 | EG41: =SUM(DW41:EF41) -> 0 | EH41: =DW41+DX41+DY41+EA41+EB41+EC41+EE41+EF41 -> 0 | EI41: 37 | EJ41: 13 | EK41: 37 | EL41: 13 | EM41: =SUM(EP41:EW41) -> 1 | EN41: =(EP41+EQ41+ER41+ET41+EU41+EV41) -> 0 | EO41: =ES41+EW41 -> 1 | EP41: 0 | EQ41: 0 | ER41: 0 | ES41: 1 | ET41: 0 | EU41: 0 | EV41: 0 | EW41: 0 | EX41: 0 | EY41: 0 | EZ41: 0 | FA41: 0 | FB41: 0 | FC41: 0 | FD41: 0 | FE41: 0 | FF41: 0 | FG41: 0 | FH41: =SUM(EX41:FG41) -> 0 | FI41: =EX41+EY41+EZ41+FB41+FC41+FD41 -> 0 | FJ41: 36 | FK41: 13 | FL41: 15 | FM41: 8 | FO41: 0 | FP41: =SUM(FS41:FZ41) -> 0 | FQ41: 0 | FR41: 0 | FS41: 0 | FT41: 0 | FU41: 0 | FV41: 0 | FW41: 0 | FX41: 0 | FY41: 0 | FZ41: 0 | GA41: 0 | GB41: 0 | GC41: 0 | GD41: 1 | GE41: 0 | GF41: 0 | GG41: 0 | GH41: 0 | GI41: 0 | GJ41: 0 | GK41: 1 | GL41: 0 | GM41: 44 | GN41: 17 | GO41: 29 | GP41: 12 | GR41: 0 | GS41: 0 | GT41: =GU41+GV41 -> 0 | GU41: =GW41+GX41+GY41+HA41+HB41+HC41 -> 0 | GV41: =GZ41+HD41 -> 0 | GW41: 0 | GX41: 0 | GY41: 0 | GZ41: 0 | HA41: 0 | HB41: 0 | HC41: 0 | HD41: 0 | HE41: 0 | HF41: 0 | HG41: 0 | HH41: 0 | HI41: 0 | HJ41: 0 | HK41: 0 | HL41: 0 | HM41: 0 | HN41: 0 | HO41: 0 | HP41: 0 | HT41: =H41 -> 0 | HU41: =P41 -> 0 | HV41: =X41 -> 0 | HW41: =AF41 -> 0 | HX41: =AN41 -> 1 | HY41: =AW41 -> 0 | HZ41: =BR41 -> 1 | IA41: =CN41 -> 1 | IB41: =DL41 -> 1 | IC41: =EM41 -> 1 | ID41: =FP41 -> 0 | IE41: =GT41 -> 0 | JB41: =SUM(I41:L41) -> 0 | JC41: =SUM(Q41:T41) -> 0 | JD41: =SUM(Y41:AB41) -> 0 | JE41: =SUM(AG41:AJ41) -> 0 | JF41: =SUM(AO41:AR41) -> 1 | JG41: =SUM(AX41:BE41) -> 0 | JH41: =SUM(BS41:BZ41) -> 1 | JI41: =SUM(CO41:CV41) -> 1 | JJ41: =SUM(DO41:DV41) -> 1 | JK41: =SUM(EP41:FA41) -> 1 | JL41: =SUM(FS41:FZ41) -> 0 | JM41: =SUM(GW41:HD41) -> 0 | JO41: =H41 -> 0 | JP41: 0 | JQ41: 0 | JR41: 0 | JS41: 1 | JV41: =IA41-JI41 -> 0 | JW41: =IB41-JJ41 -> 0 | JX41: =IC41-JK41 -> 0 | KB41: =JB41-JO41 -> 0 | KC41: =JC41-JP41 -> 0 | KD41: =JD41-JQ41 -> 0 | KE41: =JE41-JR41 -> 0 | KF41: =JF41-JS41 -> 0 | KG41: =JG41-JT41 -> 0 | KH41: =JH41-JU41 -> 1 | KI41: =JI41-JV41 -> 1 | ... KM41: =JM41-JZ41 -> 0
A42: 35 | B42: GAYAMSARI | C42: 3374100 | D42: GAYAMSARI | E42: Tambakrejo | F42: 9 | G42: 586 | H42: 29 | I42: 3 | J42: 1 | K42: 10 | L42: 15 | M42: 2 | N42: 27 | O42: =H42-(M42+N42) -> 0 | P42: 7 | Q42: 1 | R42: 1 | S42: 2 | T42: 3 | U42: 4 | V42: 3 | W42: =P42-(U42+V42) -> 0 | X42: 4 | Y42: 1 | Z42: 2 | AA42: 0 | AB42: 1 | AC42: 2 | AD42: 2 | AE42: =X42-(AC42+AD42) -> 0 | AF42: 8 | AG42: 0 | AH42: 4 | AI42: 0 | AJ42: 4 | AK42: 3 | AL42: 5 | AM42: =AF42-(AK42+AL42) -> 0 | AN42: 3 | AO42: 0 | AP42: 2 | AQ42: 0 | AR42: 1 | AS42: 0 | AU42: =AN42-(AS42+AT42) -> 3 | AV42: 576 | AW42: =SUM(AX42:BE42) -> 3 | AX42: 0 | AY42: 2 | AZ42: 0 | BA42: 1 | BB42: 0 | BC42: 0 | BD42: 0 | BE42: 0 | BF42: 0 | BG42: 0 | BH42: 0 | BI42: 0 | BJ42: 0 | BK42: 0 | BL42: 0 | BM42: 0 | BN42: 0 | BO42: 0 | BP42: =SUM(BF42:BO42) -> 0 | BQ42: 557 | BR42: =SUM(BS42:BZ42) -> 2 | BS42: 0 | BT42: 1 | BU42: 0 | BV42: 0 | BW42: 1 | BX42: 0 | BY42: 0 | BZ42: 0 | CA42: 0 | CB42: 1 | CC42: 0 | CD42: 1 | CE42: 0 | CF42: 0 | CG42: 0 | CH42: 0 | CI42: 0 | CJ42: 0 | CK42: =SUM(CA42:CJ42) -> 2 | CL42: 582 | CM42: 160 | CN42: =SUM(CO42:CV42) -> 8 | CO42: 0 | CP42: 0 | CQ42: 0 | CR42: 0 | CS42: 3 | CT42: 0 | CU42: 3 | CV42: 2 | CW42: 0 | CX42: 2 | CY42: 0 | CZ42: 1 | DA42: 0 | DB42: 0 | DC42: 0 | DD42: 0 | DE42: 0 | DF42: 0 | DG42: =SUM(CW42:DF42) -> 3 | DH42: 588 | DI42: 177 | DJ42: 588 | DK42: 177 | DL42: =SUM(DO42:DV42) -> 9 | DM42: =(DO42+DP42+DQ42+DS42+DT42+DU42) -> 4 | DN42: =DR42+DV42 -> 5 | DO42: 0 | DP42: 0 | DQ42: 1 | DR42: 1 | DS42: 1 | DT42: 2 | DU42: 0 | DV42: 4 | DW42: 2 | DX42: 1 | DY42: 2 | DZ42: 1 | EA42: 0 | EB42: 0 | EC42: 0 | ED42: 0 | EE42: 0 | EF42: 0 | EG42: =SUM(DW42:EF42) -> 6 | EH42: =DW42+DX42+DY42+EA42+EB42+EC42+EE42+EF42 -> 5 | EI42: 576 | EJ42: 177 | EK42: 574 | EL42: 176 | EM42: =SUM(EP42:EW42) -> 8 | EN42: =(EP42+EQ42+ER42+ET42+EU42+EV42) -> 3 | EO42: =ES42+EW42 -> 5 | EP42: 0 | EQ42: 1 | ER42: 2 | ES42: 5 | ET42: 0 | EU42: 0 | EV42: 0 | EW42: 0 | EX42: 0 | EY42: 0 | EZ42: 1 | FA42: 0 | FB42: 0 | FC42: 0 | FD42: 0 | FE42: 0 | FF42: 0 | FG42: 0 | FH42: =SUM(EX42:FG42) -> 1 | FI42: =EX42+EY42+EZ42+FB42+FC42+FD42 -> 1 | FJ42: 578 | FK42: 178 | FL42: 560 | FM42: 164 | FO42: 8 | FP42: =SUM(FS42:FZ42) -> 8 | FQ42: 2 | FR42: 6 | FS42: 0 | FT42: 1 | FU42: 1 | FV42: 6 | FW42: 0 | FX42: 0 | FY42: 0 | FZ42: 0 | GA42: 0 | GB42: 0 | GC42: 0 | GD42: 0 | GE42: 0 | GF42: 0 | GG42: 0 | GH42: 0 | GI42: 0 | GJ42: 0 | GK42: 0 | GL42: 0 | GM42: 585 | GN42: 186 | GO42: 574 | GP42: 176 | GR42: 8 | GS42: 2 | GT42: =GU42+GV42 -> 8 | GU42: =GW42+GX42+GY42+HA42+HB42+HC42 -> 2 | GV42: =GZ42+HD42 -> 6 | GW42: 0 | GX42: 1 | GY42: 1 | GZ42: 6 | HA42: 0 | HB42: 0 | HC42: 0 | HD42: 0 | HE42: 0 | HF42: 0 | HG42: 0 | HH42: 0 | HI42: 0 | HJ42: 0 | HK42: 0 | HL42: 0 | HM42: 0 | HN42: 0 | HO42: 0 | HP42: 0 | HT42: =H42 -> 29 | HU42: =P42 -> 7 | HV42: =X42 -> 4 | HW42: =AF42 -> 8 | HX42: =AN42 -> 3 | HY42: =AW42 -> 3 | HZ42: =BR42 -> 2 | IA42: =CN42 -> 8 | IB42: =DL42 -> 9 | IC42: =EM42 -> 8 | ID42: =FP42 -> 8 | IE42: =GT42 -> 8 | JB42: =SUM(I42:L42) -> 29 | JC42: =SUM(Q42:T42) -> 7 | JD42: =SUM(Y42:AB42) -> 4 | JE42: =SUM(AG42:AJ42) -> 8 | JF42: =SUM(AO42:AR42) -> 3 | JG42: =SUM(AX42:BE42) -> 3 | JH42: =SUM(BS42:BZ42) -> 2 | JI42: =SUM(CO42:CV42) -> 8 | JJ42: =SUM(DO42:DV42) -> 9 | JK42: =SUM(EP42:FA42) -> 9 | JL42: =SUM(FS42:FZ42) -> 8 | JM42: =SUM(GW42:HD42) -> 8 | JO42: =H42 -> 29 | JP42: 7 | JQ42: 4 | JR42: 8 | JS42: 3 | JV42: =IA42-JI42 -> 0 | JW42: =IB42-JJ42 -> 0 | JX42: =IC42-JK42 -> -1 | KB42: =JB42-JO42 -> 0 | KC42: =JC42-JP42 -> 0 | KD42: =JD42-JQ42 -> 0 | KE42: =JE42-JR42 -> 0 | KF42: =JF42-JS42 -> 0 | KG42: =JG42-JT42 -> 3 | KH42: =JH42-JU42 -> 2 | KI42: =JI42-JV42 -> 8 | ... KM42: =JM42-JZ42 -> 8
A43: 36 | B43: GAYAMSARI | C43: 3374100 | D43: GAYAMSARI | E43: Kaligawe | F43: 10 | G43: 603 | H43: 24 | I43: 7 | J43: 0 | K43: 3 | L43: 14 | M43: 3 | N43: 21 | O43: =H43-(M43+N43) -> 0 | P43: 5 | Q43: 1 | R43: 0 | S43: 1 | T43: 3 | U43: 3 | V43: 1 | W43: =P43-(U43+V43) -> 1 | X43: 8 | Y43: 3 | Z43: 2 | AA43: 0 | AB43: 3 | AC43: 6 | AD43: 0 | AE43: =X43-(AC43+AD43) -> 2 | AF43: 11 | AG43: 3 | AH43: 1 | AI43: 1 | AJ43: 6 | AK43: 5 | AL43: 0 | AM43: =AF43-(AK43+AL43) -> 6 | AN43: 7 | AO43: 0 | AP43: 2 | AQ43: 1 | AR43: 4 | AS43: 2 | AU43: =AN43-(AS43+AT43) -> 5 | AV43: 584 | AW43: =SUM(AX43:BE43) -> 4 | AX43: 0 | AY43: 1 | AZ43: 2 | BA43: 1 | BB43: 0 | BC43: 0 | BD43: 0 | BE43: 0 | BF43: 0 | BG43: 0 | BH43: 0 | BI43: 3 | BJ43: 0 | BK43: 0 | BL43: 0 | BM43: 0 | BN43: 0 | BO43: 0 | BP43: =SUM(BF43:BO43) -> 3 | BQ43: 595 | BR43: =SUM(BS43:BZ43) -> 8 | BS43: 0 | BT43: 1 | BU43: 1 | BV43: 0 | BW43: 2 | BX43: 0 | BY43: 0 | BZ43: 4 | CA43: 0 | CB43: 0 | CC43: 1 | CD43: 1 | CE43: 0 | CF43: 0 | CG43: 0 | CH43: 0 | CI43: 0 | CJ43: 0 | CK43: =SUM(CA43:CJ43) -> 2 | CL43: 594 | CM43: 182 | CN43: =SUM(CO43:CV43) -> 8 | CO43: 0 | CP43: 0 | CQ43: 3 | CR43: 0 | CS43: 1 | CT43: 0 | CU43: 1 | CV43: 3 | CW43: 0 | CX43: 0 | CY43: 0 | CZ43: 1 | DA43: 0 | DB43: 0 | DC43: 0 | DD43: 0 | DE43: 0 | DF43: 0 | DG43: =SUM(CW43:DF43) -> 1 | DH43: 593 | DI43: 186 | DJ43: 592 | DK43: 186 | DL43: =SUM(DO43:DV43) -> 7 | DM43: =(DO43+DP43+DQ43+DS43+DT43+DU43) -> 4 | DN43: =DR43+DV43 -> 3 | DO43: 1 | DP43: 0 | DQ43: 3 | DR43: 3 | DS43: 0 | DT43: 0 | DU43: 0 | DV43: 0 | DW43: 0 | DX43: 0 | DY43: 1 | DZ43: 0 | EA43: 0 | EB43: 0 | EC43: 0 | ED43: 0 | EE43: 0 | EF43: 0 | EG43: =SUM(DW43:EF43) -> 1 | EH43: =DW43+DX43+DY43+EA43+EB43+EC43+EE43+EF43 -> 1 | EI43: 596 | EJ43: 182 | EK43: 588 | EL43: 180 | EM43: =SUM(EP43:EW43) -> 9 | EN43: =(EP43+EQ43+ER43+ET43+EU43+EV43) -> 4 | EO43: =ES43+EW43 -> 5 | EP43: 0 | EQ43: 1 | ER43: 3 | ES43: 3 | ET43: 0 | EU43: 0 | EV43: 0 | EW43: 2 | EX43: 0 | EY43: 0 | EZ43: 0 | FA43: 0 | FB43: 0 | FC43: 0 | FD43: 0 | FE43: 0 | FF43: 0 | FG43: 0 | FH43: =SUM(EX43:FG43) -> 0 | FI43: =EX43+EY43+EZ43+FB43+FC43+FD43 -> 0 | FJ43: 589 | FK43: 179 | FL43: 586 | FM43: 178 | FO43: 9 | FP43: =SUM(FS43:FZ43) -> 9 | FQ43: 3 | FR43: 6 | FS43: 0 | FT43: 1 | FU43: 2 | FV43: 6 | FW43: 0 | FX43: 0 | FY43: 0 | FZ43: 0 | GA43: 0 | GB43: 0 | GC43: 0 | GD43: 0 | GE43: 0 | GF43: 0 | GG43: 0 | GH43: 0 | GI43: 0 | GJ43: 0 | GK43: 0 | GL43: 0 | GM43: 602 | GN43: 180 | GO43: 580 | GP43: 163 | GR43: 9 | GS43: 3 | GT43: =GU43+GV43 -> 9 | GU43: =GW43+GX43+GY43+HA43+HB43+HC43 -> 3 | GV43: =GZ43+HD43 -> 6 | GW43: 0 | GX43: 1 | GY43: 2 | GZ43: 6 | HA43: 0 | HB43: 0 | HC43: 0 | HD43: 0 | HE43: 0 | HF43: 0 | HG43: 0 | HH43: 0 | HI43: 0 | HJ43: 0 | HK43: 0 | HL43: 0 | HM43: 0 | HN43: 0 | HO43: 0 | HP43: 0 | HT43: =H43 -> 24 | HU43: =P43 -> 5 | HV43: =X43 -> 8 | HW43: =AF43 -> 11 | HX43: =AN43 -> 7 | HY43: =AW43 -> 4 | HZ43: =BR43 -> 8 | IA43: =CN43 -> 8 | IB43: =DL43 -> 7 | IC43: =EM43 -> 9 | ID43: =FP43 -> 9 | IE43: =GT43 -> 9 | JB43: =SUM(I43:L43) -> 24 | JC43: =SUM(Q43:T43) -> 5 | JD43: =SUM(Y43:AB43) -> 8 | JE43: =SUM(AG43:AJ43) -> 11 | JF43: =SUM(AO43:AR43) -> 7 | JG43: =SUM(AX43:BE43) -> 4 | JH43: =SUM(BS43:BZ43) -> 8 | JI43: =SUM(CO43:CV43) -> 8 | JJ43: =SUM(DO43:DV43) -> 7 | JK43: =SUM(EP43:FA43) -> 9 | JL43: =SUM(FS43:FZ43) -> 9 | JM43: =SUM(GW43:HD43) -> 9 | JO43: =H43 -> 24 | JP43: 5 | JQ43: 8 | JR43: 11 | JS43: 7 | JV43: =IA43-JI43 -> 0 | JW43: =IB43-JJ43 -> 0 | JX43: =IC43-JK43 -> 0 | KB43: =JB43-JO43 -> 0 | KC43: =JC43-JP43 -> 0 | KD43: =JD43-JQ43 -> 0 | KE43: =JE43-JR43 -> 0 | KF43: =JF43-JS43 -> 0 | KG43: =JG43-JT43 -> 4 | KH43: =JH43-JU43 -> 8 | KI43: =JI43-JV43 -> 8 | ... KM43: =JM43-JZ43 -> 9
A44: 37 | B44: GAYAMSARI | C44: 3374100 | D44: GAYAMSARI | E44: Sawahbesar | F44: 10 | G44: 515 | H44: 21 | I44: 3 | J44: 6 | K44: 4 | L44: 8 | M44: 1 | N44: 20 | O44: =H44-(M44+N44) -> 0 | P44: 1 | Q44: 1 | R44: 0 | S44: 0 | T44: 0 | U44: 1 | V44: 0 | W44: =P44-(U44+V44) -> 0 | X44: 11 | Y44: 0 | Z44: 3 | AA44: 2 | AB44: 6 | AC44: 7 | AD44: 4 | AE44: =X44-(AC44+AD44) -> 0 | AF44: 10 | AG44: 1 | AH44: 4 | AI44: 1 | AJ44: 4 | AK44: 8 | AL44: 2 | AM44: =AF44-(AK44+AL44) -> 0 | AN44: 2 | AO44: 0 | AP44: 1 | AQ44: 1 | AR44: 0 | AS44: 1 | AU44: =AN44-(AS44+AT44) -> 1 | AV44: 502 | AW44: =SUM(AX44:BE44) -> 1 | AX44: 0 | AY44: 1 | AZ44: 0 | BA44: 0 | BB44: 0 | BC44: 0 | BD44: 0 | BE44: 0 | BF44: 0 | BG44: 0 | BH44: 1 | BI44: 0 | BJ44: 0 | BK44: 0 | BL44: 0 | BM44: 0 | BN44: 0 | BO44: 0 | BP44: =SUM(BF44:BO44) -> 1 | BQ44: 498 | BR44: =SUM(BS44:BZ44) -> 0 | BS44: 0 | BT44: 0 | BU44: 0 | BV44: 0 | BW44: 0 | BX44: 0 | BY44: 0 | BZ44: 0 | CA44: 0 | CB44: 1 | CC44: 0 | CD44: 0 | CE44: 0 | CF44: 0 | CG44: 0 | CH44: 0 | CI44: 0 | CJ44: 0 | CK44: =SUM(CA44:CJ44) -> 1 | CL44: 511 | CM44: 157 | CN44: =SUM(CO44:CV44) -> 7 | CO44: 0 | CP44: 0 | CQ44: 0 | CR44: 0 | CS44: 2 | CT44: 0 | CU44: 4 | CV44: 1 | CW44: 0 | CX44: 1 | CY44: 0 | CZ44: 0 | DA44: 0 | DB44: 0 | DC44: 0 | DD44: 0 | DE44: 0 | DF44: 0 | DG44: =SUM(CW44:DF44) -> 1 | DH44: 512 | DI44: 153 | DJ44: 512 | DK44: 153 | DL44: =SUM(DO44:DV44) -> 2 | DM44: =(DO44+DP44+DQ44+DS44+DT44+DU44) -> 1 | DN44: =DR44+DV44 -> 1 | DO44: 0 | DP44: 0 | DQ44: 1 | DR44: 0 | DS44: 0 | DT44: 0 | DU44: 0 | DV44: 1 | DW44: 2 | DX44: 0 | DY44: 3 | DZ44: 1 | EA44: 0 | EB44: 0 | EC44: 0 | ED44: 0 | EE44: 0 | EF44: 0 | EG44: =SUM(DW44:EF44) -> 6 | EH44: =DW44+DX44+DY44+EA44+EB44+EC44+EE44+EF44 -> 5 | EI44: 533 | EJ44: 172 | EK44: 516 | EL44: 160 | EM44: =SUM(EP44:EW44) -> 4 | EN44: =(EP44+EQ44+ER44+ET44+EU44+EV44) -> 3 | EO44: =ES44+EW44 -> 1 | EP44: 0 | EQ44: 0 | ER44: 3 | ES44: 1 | ET44: 0 | EU44: 0 | EV44: 0 | EW44: 0 | EX44: 0 | EY44: 0 | EZ44: 0 | FA44: 0 | FB44: 0 | FC44: 0 | FD44: 0 | FE44: 0 | FF44: 0 | FG44: 0 | FH44: =SUM(EX44:FG44) -> 0 | FI44: =EX44+EY44+EZ44+FB44+FC44+FD44 -> 0 | FJ44: 540 | FK44: 172 | FL44: 523 | FM44: 163 | FO44: 5 | FP44: =SUM(FS44:FZ44) -> 5 | FQ44: 3 | FR44: 2 | FS44: 0 | FT44: 0 | FU44: 3 | FV44: 1 | FW44: 0 | FX44: 0 | FY44: 0 | FZ44: 1 | GA44: 0 | GB44: 0 | GC44: 0 | GD44: 0 | GE44: 0 | GF44: 0 | GG44: 0 | GH44: 0 | GI44: 0 | GJ44: 0 | GK44: 0 | GL44: 0 | GM44: 532 | GN44: 169 | GO44: 522 | GP44: 162 | GR44: 4 | GS44: 2 | GT44: =GU44+GV44 -> 4 | GU44: =GW44+GX44+GY44+HA44+HB44+HC44 -> 2 | GV44: =GZ44+HD44 -> 2 | GW44: 0 | GX44: 0 | GY44: 2 | GZ44: 2 | HA44: 0 | HB44: 0 | HC44: 0 | HD44: 0 | HE44: 0 | HF44: 0 | HG44: 1 | HH44: 0 | HI44: 0 | HJ44: 0 | HK44: 0 | HL44: 0 | HM44: 0 | HN44: 0 | HO44: 1 | HP44: 1 | HT44: =H44 -> 21 | HU44: =P44 -> 1 | HV44: =X44 -> 11 | HW44: =AF44 -> 10 | HX44: =AN44 -> 2 | HY44: =AW44 -> 1 | HZ44: =BR44 -> 0 | IA44: =CN44 -> 7 | IB44: =DL44 -> 2 | IC44: =EM44 -> 4 | ID44: =FP44 -> 5 | IE44: =GT44 -> 4 | JB44: =SUM(I44:L44) -> 21 | JC44: =SUM(Q44:T44) -> 1 | JD44: =SUM(Y44:AB44) -> 11 | JE44: =SUM(AG44:AJ44) -> 10 | JF44: =SUM(AO44:AR44) -> 2 | JG44: =SUM(AX44:BE44) -> 1 | JH44: =SUM(BS44:BZ44) -> 0 | JI44: =SUM(CO44:CV44) -> 7 | JJ44: =SUM(DO44:DV44) -> 2 | JK44: =SUM(EP44:FA44) -> 4 | JL44: =SUM(FS44:FZ44) -> 5 | JM44: =SUM(GW44:HD44) -> 4 | JO44: =H44 -> 21 | JP44: 1 | JQ44: 11 | JR44: 10 | JS44: 2 | JV44: =IA44-JI44 -> 0 | JW44: =IB44-JJ44 -> 0 | JX44: =IC44-JK44 -> 0 | KB44: =JB44-JO44 -> 0 | KC44: =JC44-JP44 -> 0 | KD44: =JD44-JQ44 -> 0 | KE44: =JE44-JR44 -> 0 | KF44: =JF44-JS44 -> 0 | KG44: =JG44-JT44 -> 1 | KH44: =JH44-JU44 -> 0 | KI44: =JI44-JV44 -> 7 | ... KM44: =JM44-JZ44 -> 4
A45: 38 | B45: GAYAMSARI | C45: 3374100 | D45: GAYAMSARI | E45: Sambirejo | F45: 9 | G45: 461 | H45: 20 | I45: 3 | J45: 1 | K45: 5 | L45: 11 | O45: =H45-(M45+N45) -> 20 | P45: 9 | Q45: 3 | R45: 0 | S45: 2 | T45: 4 | W45: =P45-(U45+V45) -> 9 | X45: 11 | Y45: 0 | Z45: 2 | AA45: 2 | AB45: 7 | AE45: =X45-(AC45+AD45) -> 11 | AF45: 15 | AG45: 0 | AH45: 2 | AI45: 3 | AJ45: 10 | AM45: =AF45-(AK45+AL45) -> 15 | AN45: 2 | AO45: 1 | AP45: 0 | AQ45: 0 | AR45: 1 | AU45: =AN45-(AS45+AT45) -> 2 | AV45: 465 | AW45: =SUM(AX45:BE45) -> 2 | AX45: 0 | AY45: 0 | AZ45: 1 | BA45: 1 | BB45: 0 | BC45: 0 | BD45: 0 | BE45: 0 | BF45: 0 | BG45: 0 | BH45: 0 | BI45: 0 | BJ45: 0 | BK45: 0 | BL45: 0 | BM45: 0 | BN45: 0 | BO45: 0 | BP45: =SUM(BF45:BO45) -> 0 | BQ45: 462 | BR45: =SUM(BS45:BZ45) -> 1 | BS45: 0 | BT45: 0 | BU45: 1 | BV45: 0 | BW45: 0 | BX45: 0 | BY45: 0 | BZ45: 0 | CA45: 0 | CB45: 0 | CC45: 0 | CD45: 1 | CE45: 0 | CF45: 0 | CG45: 0 | CH45: 0 | CI45: 0 | CJ45: 0 | CK45: =SUM(CA45:CJ45) -> 1 | CL45: 469 | CM45: 137 | CN45: =SUM(CO45:CV45) -> 1 | CO45: 0 | CP45: 0 | CQ45: 0 | CR45: 0 | CS45: 1 | CT45: 0 | CU45: 0 | CV45: 0 | CW45: 0 | CX45: 0 | CY45: 1 | CZ45: 1 | DA45: 0 | DB45: 0 | DC45: 0 | DD45: 0 | DE45: 0 | DF45: 0 | DG45: =SUM(CW45:DF45) -> 2 | DH45: 464 | DI45: 139 | DJ45: 461 | DK45: 137 | DL45: =SUM(DO45:DV45) -> 1 | DM45: =(DO45+DP45+DQ45+DS45+DT45+DU45) -> 0 | DN45: =DR45+DV45 -> 1 | DO45: 0 | DP45: 0 | DQ45: 0 | DR45: 0 | DS45: 0 | DT45: 0 | DU45: 0 | DV45: 1 | DW45: 1 | DX45: 0 | DY45: 0 | DZ45: 0 | EA45: 0 | EB45: 0 | EC45: 0 | ED45: 0 | EE45: 0 | EF45: 0 | EG45: =SUM(DW45:EF45) -> 1 | EH45: =DW45+DX45+DY45+EA45+EB45+EC45+EE45+EF45 -> 1 | EI45: 460 | EJ45: 136 | EK45: 452 | EL45: 131 | EM45: =SUM(EP45:EW45) -> 1 | EN45: =(EP45+EQ45+ER45+ET45+EU45+EV45) -> 0 | EO45: =ES45+EW45 -> 1 | EP45: 0 | EQ45: 0 | ER45: 0 | ES45: 1 | ET45: 0 | EU45: 0 | EV45: 0 | EW45: 0 | EX45: 0 | EY45: 0 | EZ45: 0 | FA45: 0 | FB45: 0 | FC45: 0 | FD45: 0 | FE45: 0 | FF45: 0 | FG45: 0 | FH45: =SUM(EX45:FG45) -> 0 | FI45: =EX45+EY45+EZ45+FB45+FC45+FD45 -> 0 | FJ45: 473 | FK45: 138 | FL45: 456 | FM45: 134 | FO45: 2 | FP45: =SUM(FS45:FZ45) -> 2 | FQ45: 0 | FR45: 2 | FS45: 0 | FT45: 0 | FU45: 0 | FV45: 1 | FW45: 0 | FX45: 0 | FY45: 0 | FZ45: 1 | GA45: 0 | GB45: 0 | GC45: 0 | GD45: 0 | GE45: 0 | GF45: 0 | GG45: 0 | GH45: 0 | GI45: 0 | GJ45: 0 | GK45: 0 | GL45: 0 | GM45: 467 | GN45: 133 | GO45: 463 | GP45: 132 | GR45: 5 | GS45: 0 | GT45: =GU45+GV45 -> 5 | GU45: =GW45+GX45+GY45+HA45+HB45+HC45 -> 0 | GV45: =GZ45+HD45 -> 5 | GW45: 0 | GX45: 0 | GY45: 0 | GZ45: 2 | HA45: 0 | HB45: 0 | HC45: 0 | HD45: 3 | HE45: 0 | HF45: 0 | HG45: 0 | HH45: 0 | HI45: 0 | HJ45: 0 | HK45: 0 | HL45: 0 | HM45: 0 | HN45: 0 | HO45: 0 | HP45: 0 | HT45: =H45 -> 20 | HU45: =P45 -> 9 | HV45: =X45 -> 11 | HW45: =AF45 -> 15 | HX45: =AN45 -> 2 | HY45: =AW45 -> 2 | HZ45: =BR45 -> 1 | IA45: =CN45 -> 1 | IB45: =DL45 -> 1 | IC45: =EM45 -> 1 | ID45: =FP45 -> 2 | IE45: =GT45 -> 5 | JB45: =SUM(I45:L45) -> 20 | JC45: =SUM(Q45:T45) -> 9 | JD45: =SUM(Y45:AB45) -> 11 | JE45: =SUM(AG45:AJ45) -> 15 | JF45: =SUM(AO45:AR45) -> 2 | JG45: =SUM(AX45:BE45) -> 2 | JH45: =SUM(BS45:BZ45) -> 1 | JI45: =SUM(CO45:CV45) -> 1 | JJ45: =SUM(DO45:DV45) -> 1 | JK45: =SUM(EP45:FA45) -> 1 | JL45: =SUM(FS45:FZ45) -> 2 | JM45: =SUM(GW45:HD45) -> 5 | JO45: =H45 -> 20 | JP45: 9 | JQ45: 11 | JR45: 15 | JS45: 2 | JV45: =IA45-JI45 -> 0 | JW45: =IB45-JJ45 -> 0 | JX45: =IC45-JK45 -> 0 | KB45: =JB45-JO45 -> 0 | KC45: =JC45-JP45 -> 0 | KD45: =JD45-JQ45 -> 0 | KE45: =JE45-JR45 -> 0 | KF45: =JF45-JS45 -> 0 | KG45: =JG45-JT45 -> 2 | KH45: =JH45-JU45 -> 1 | KI45: =JI45-JV45 -> 1 | ... KM45: =JM45-JZ45 -> 5
A46: 39 | B46: GAYAMSARI | C46: 3374100 | D46: GAYAMSARI | E46: Siwalan | F46: 4 | G46: 402 | H46: 7 | I46: 0 | J46: 0 | K46: 2 | L46: 5 | O46: =H46-(M46+N46) -> 7 | P46: 4 | Q46: 0 | R46: 0 | S46: 1 | T46: 3 | W46: =P46-(U46+V46) -> 4 | X46: 1 | Y46: 0 | Z46: 0 | AA46: 0 | AB46: 1 | AE46: =X46-(AC46+AD46) -> 1 | AF46: 1 | AG46: 0 | AH46: 0 | AI46: 1 | AJ46: 0 | AM46: =AF46-(AK46+AL46) -> 1 | AN46: 2 | AO46: 0 | AP46: 0 | AQ46: 0 | AR46: 2 | AU46: =AN46-(AS46+AT46) -> 2 | AV46: 396 | AW46: =SUM(AX46:BE46) -> 1 | AX46: 0 | AY46: 0 | AZ46: 0 | BA46: 1 | BB46: 0 | BC46: 0 | BD46: 0 | BE46: 0 | BF46: 0 | BG46: 0 | BH46: 0 | BI46: 1 | BJ46: 0 | BK46: 0 | BL46: 0 | BM46: 0 | BN46: 0 | BO46: 0 | BP46: =SUM(BF46:BO46) -> 1 | BQ46: 412 | BR46: =SUM(BS46:BZ46) -> 1 | BS46: 0 | BT46: 0 | BU46: 0 | BV46: 1 | BW46: 0 | BX46: 0 | BY46: 0 | BZ46: 0 | CA46: 0 | CB46: 0 | CC46: 0 | CD46: 0 | CE46: 0 | CF46: 0 | CG46: 0 | CH46: 0 | CI46: 0 | CJ46: 0 | CK46: =SUM(CA46:CJ46) -> 0 | CL46: 407 | CM46: 96 | CN46: =SUM(CO46:CV46) -> 0 | CO46: 0 | CP46: 0 | CQ46: 0 | CR46: 0 | CS46: 0 | CT46: 0 | CU46: 0 | CV46: 0 | CW46: 0 | CX46: 0 | CY46: 0 | CZ46: 1 | DA46: 0 | DB46: 0 | DC46: 0 | DD46: 0 | DE46: 0 | DF46: 0 | DG46: =SUM(CW46:DF46) -> 1 | DH46: 386 | DI46: 91 | DJ46: 386 | DK46: 91 | DL46: =SUM(DO46:DV46) -> 3 | DM46: =(DO46+DP46+DQ46+DS46+DT46+DU46) -> 1 | DN46: =DR46+DV46 -> 2 | DO46: 0 | DP46: 0 | DQ46: 0 | DR46: 0 | DS46: 0 | DT46: 0 | DU46: 1 | DV46: 2 | DW46: 0 | DX46: 0 | DY46: 0 | DZ46: 0 | EA46: 0 | EB46: 0 | EC46: 0 | ED46: 0 | EE46: 0 | EF46: 0 | EG46: =SUM(DW46:EF46) -> 0 | EH46: =DW46+DX46+DY46+EA46+EB46+EC46+EE46+EF46 -> 0 | EI46: 372 | EJ46: 80 | EK46: 368 | EL46: 78 | EM46: =SUM(EP46:EW46) -> 3 | EN46: =(EP46+EQ46+ER46+ET46+EU46+EV46) -> 1 | EO46: =ES46+EW46 -> 2 | EP46: 0 | EQ46: 0 | ER46: 1 | ES46: 2 | ET46: 0 | EU46: 0 | EV46: 0 | EW46: 0 | EX46: 0 | EY46: 0 | EZ46: 0 | FA46: 0 | FB46: 0 | FC46: 0 | FD46: 0 | FE46: 0 | FF46: 0 | FG46: 0 | FH46: =SUM(EX46:FG46) -> 0 | FI46: =EX46+EY46+EZ46+FB46+FC46+FD46 -> 0 | FJ46: 362 | FK46: 74 | FL46: 360 | FM46: 74 | FO46: 4 | FP46: =SUM(FS46:FZ46) -> 4 | FQ46: 0 | FR46: 4 | FS46: 0 | FT46: 0 | FU46: 0 | FV46: 3 | FW46: 0 | FX46: 0 | FY46: 0 | FZ46: 1 | GA46: 0 | GB46: 0 | GC46: 0 | GD46: 0 | GE46: 0 | GF46: 0 | GG46: 0 | GH46: 0 | GI46: 0 | GJ46: 0 | GK46: 0 | GL46: 0 | GM46: 357 | GN46: 75 | GO46: 353 | GP46: 72 | GR46: 4 | GS46: 0 | GT46: =GU46+GV46 -> 4 | GU46: =GW46+GX46+GY46+HA46+HB46+HC46 -> 0 | GV46: =GZ46+HD46 -> 4 | GW46: 0 | GX46: 0 | GY46: 0 | GZ46: 4 | HA46: 0 | HB46: 0 | HC46: 0 | HD46: 0 | HE46: 0 | HF46: 0 | HG46: 0 | HH46: 0 | HI46: 0 | HJ46: 0 | HK46: 0 | HL46: 0 | HM46: 0 | HN46: 0 | HO46: 0 | HP46: 0 | HT46: =H46 -> 7 | HU46: =P46 -> 4 | HV46: =X46 -> 1 | HW46: =AF46 -> 1 | HX46: =AN46 -> 2 | HY46: =AW46 -> 1 | HZ46: =BR46 -> 1 | IA46: =CN46 -> 0 | IB46: =DL46 -> 3 | IC46: =EM46 -> 3 | ID46: =FP46 -> 4 | IE46: =GT46 -> 4 | JB46: =SUM(I46:L46) -> 7 | JC46: =SUM(Q46:T46) -> 4 | JD46: =SUM(Y46:AB46) -> 1 | JE46: =SUM(AG46:AJ46) -> 1 | JF46: =SUM(AO46:AR46) -> 2 | JG46: =SUM(AX46:BE46) -> 1 | JH46: =SUM(BS46:BZ46) -> 1 | JI46: =SUM(CO46:CV46) -> 0 | JJ46: =SUM(DO46:DV46) -> 3 | JK46: =SUM(EP46:FA46) -> 3 | JL46: =SUM(FS46:FZ46) -> 4 | JM46: =SUM(GW46:HD46) -> 4 | JO46: =H46 -> 7 | JP46: 4 | JQ46: 1 | JR46: 1 | JS46: 2 | JV46: =IA46-JI46 -> 0 | JW46: =IB46-JJ46 -> 0 | JX46: =IC46-JK46 -> 0 | KB46: =JB46-JO46 -> 0 | KC46: =JC46-JP46 -> 0 | KD46: =JD46-JQ46 -> 0 | KE46: =JE46-JR46 -> 0 | KF46: =JF46-JS46 -> 0 | KG46: =JG46-JT46 -> 1 | KH46: =JH46-JU46 -> 1 | KI46: =JI46-JV46 -> 0 | ... KM46: =JM46-JZ46 -> 4
A47: 40 | B47: GAYAMSARI | C47: 3374100 | D47: GAYAMSARI | E47: Pandean Lamper | F47: 12 | G47: 556 | H47: 15 | I47: 2 | J47: 3 | K47: 5 | L47: 5 | O47: =H47-(M47+N47) -> 15 | P47: 7 | Q47: 2 | R47: 1 | S47: 2 | T47: 2 | W47: =P47-(U47+V47) -> 7 | X47: 10 | Y47: 1 | Z47: 0 | AA47: 1 | AB47: 8 | AE47: =X47-(AC47+AD47) -> 10 | AF47: 14 | AG47: 0 | AH47: 2 | AI47: 5 | AJ47: 7 | AM47: =AF47-(AK47+AL47) -> 14 | AN47: 4 | AO47: 0 | AP47: 0 | AQ47: 2 | AR47: 2 | AU47: =AN47-(AS47+AT47) -> 4 | AV47: 548 | AW47: =SUM(AX47:BE47) -> 5 | AX47: 0 | AY47: 0 | AZ47: 2 | BA47: 2 | BB47: 1 | BC47: 0 | BD47: 0 | BE47: 0 | BF47: 0 | BG47: 0 | BH47: 0 | BI47: 0 | BJ47: 0 | BK47: 0 | BL47: 0 | BM47: 0 | BN47: 0 | BO47: 0 | BP47: =SUM(BF47:BO47) -> 0 | BQ47: 539 | BR47: =SUM(BS47:BZ47) -> 3 | BS47: 0 | BT47: 0 | BU47: 1 | BV47: 0 | BW47: 0 | BX47: 0 | BY47: 0 | BZ47: 2 | CA47: 1 | CB47: 0 | CC47: 1 | CD47: 2 | CE47: 0 | CF47: 0 | CG47: 0 | CH47: 0 | CI47: 0 | CJ47: 0 | CK47: =SUM(CA47:CJ47) -> 4 | CL47: 546 | CM47: 149 | CN47: =SUM(CO47:CV47) -> 1 | CO47: 0 | CP47: 0 | CQ47: 0 | CR47: 0 | CS47: 0 | CT47: 0 | CU47: 1 | CV47: 0 | CW47: 1 | CX47: 0 | CY47: 2 | CZ47: 2 | DA47: 0 | DB47: 0 | DC47: 0 | DD47: 0 | DE47: 0 | DF47: 0 | DG47: =SUM(CW47:DF47) -> 5 | DH47: 557 | DI47: 153 | DJ47: 551 | DK47: 149 | DL47: =SUM(DO47:DV47) -> 2 | DM47: =(DO47+DP47+DQ47+DS47+DT47+DU47) -> 1 | DN47: =DR47+DV47 -> 1 | DO47: 0 | DP47: 0 | DQ47: 0 | DR47: 0 | DS47: 0 | DT47: 0 | DU47: 1 | DV47: 1 | DW47: 0 | DX47: 0 | DY47: 1 | DZ47: 0 | EA47: 0 | EB47: 0 | EC47: 0 | ED47: 0 | EE47: 0 | EF47: 0 | EG47: =SUM(DW47:EF47) -> 1 | EH47: =DW47+DX47+DY47+EA47+EB47+EC47+EE47+EF47 -> 1 | EI47: 572 | EJ47: 163 | EK47: 544 | EL47: 142 | EM47: =SUM(EP47:EW47) -> 7 | EN47: =(EP47+EQ47+ER47+ET47+EU47+EV47) -> 3 | EO47: =ES47+EW47 -> 4 | EP47: 0 | EQ47: 0 | ER47: 1 | ES47: 1 | ET47: 2 | EU47: 0 | EV47: 0 | EW47: 3 | EX47: 0 | EY47: 0 | EZ47: 0 | FA47: 0 | FB47: 0 | FC47: 0 | FD47: 0 | FE47: 0 | FF47: 0 | FG47: 0 | FH47: =SUM(EX47:FG47) -> 0 | FI47: =EX47+EY47+EZ47+FB47+FC47+FD47 -> 0 | FJ47: 576 | FK47: 162 | FL47: 561 | FM47: 155 | FO47: 7 | FP47: =SUM(FS47:FZ47) -> 7 | FQ47: 3 | FR47: 4 | FS47: 2 | FT47: 1 | FU47: 0 | FV47: 4 | FW47: 0 | FX47: 0 | FY47: 0 | FZ47: 0 | GA47: 0 | GB47: 0 | GC47: 0 | GD47: 0 | GE47: 0 | GF47: 0 | GG47: 0 | GH47: 0 | GI47: 0 | GJ47: 0 | GK47: 0 | GL47: 0 | GM47: 570 | GN47: 157 | GO47: 560 | GP47: 152 | GR47: 6 | GS47: 1 | GT47: =GU47+GV47 -> 6 | GU47: =GW47+GX47+GY47+HA47+HB47+HC47 -> 1 | GV47: =GZ47+HD47 -> 5 | GW47: 0 | GX47: 0 | GY47: 1 | GZ47: 4 | HA47: 0 | HB47: 0 | HC47: 0 | HD47: 1 | HE47: 2 | HF47: 0 | HG47: 0 | HH47: 0 | HI47: 0 | HJ47: 0 | HK47: 0 | HL47: 0 | HM47: 0 | HN47: 0 | HO47: 2 | HP47: 2 | HT47: =H47 -> 15 | HU47: =P47 -> 7 | HV47: =X47 -> 10 | HW47: =AF47 -> 14 | HX47: =AN47 -> 4 | HY47: =AW47 -> 5 | HZ47: =BR47 -> 3 | IA47: =CN47 -> 1 | IB47: =DL47 -> 2 | IC47: =EM47 -> 7 | ID47: =FP47 -> 7 | IE47: =GT47 -> 6 | JB47: =SUM(I47:L47) -> 15 | JC47: =SUM(Q47:T47) -> 7 | JD47: =SUM(Y47:AB47) -> 10 | JE47: =SUM(AG47:AJ47) -> 14 | JF47: =SUM(AO47:AR47) -> 4 | JG47: =SUM(AX47:BE47) -> 5 | JH47: =SUM(BS47:BZ47) -> 3 | JI47: =SUM(CO47:CV47) -> 1 | JJ47: =SUM(DO47:DV47) -> 2 | JK47: =SUM(EP47:FA47) -> 7 | JL47: =SUM(FS47:FZ47) -> 7 | JM47: =SUM(GW47:HD47) -> 6 | JO47: =H47 -> 15 | JP47: 7 | JQ47: 10 | JR47: 14 | JS47: 4 | JV47: =IA47-JI47 -> 0 | JW47: =IB47-JJ47 -> 0 | JX47: =IC47-JK47 -> 0 | KB47: =JB47-JO47 -> 0 | KC47: =JC47-JP47 -> 0 | KD47: =JD47-JQ47 -> 0 | KE47: =JE47-JR47 -> 0 | KF47: =JF47-JS47 -> 0 | KG47: =JG47-JT47 -> 5 | KH47: =JH47-JU47 -> 3 | KI47: =JI47-JV47 -> 1 | ... KM47: =JM47-JZ47 -> 6
A48: 41 | B48: GAYAMSARI | C48: 3374100 | D48: GAYAMSARI | E48: Gayamsari | F48: 11 | G48: 550 | H48: 18 | I48: 4 | J48: 0 | K48: 6 | L48: 8 | O48: =H48-(M48+N48) -> 18 | P48: 3 | Q48: 0 | R48: 1 | S48: 1 | T48: 1 | W48: =P48-(U48+V48) -> 3 | X48: 7 | Y48: 1 | Z48: 0 | AA48: 4 | AB48: 2 | AE48: =X48-(AC48+AD48) -> 7 | AF48: 7 | AG48: 1 | AH48: 0 | AI48: 4 | AJ48: 2 | AM48: =AF48-(AK48+AL48) -> 7 | AN48: 2 | AO48: 0 | AP48: 0 | AQ48: 2 | AR48: 0 | AU48: =AN48-(AS48+AT48) -> 2 | AV48: 546 | AW48: =SUM(AX48:BE48) -> 3 | AX48: 0 | AY48: 0 | AZ48: 2 | BA48: 0 | BB48: 1 | BC48: 0 | BD48: 0 | BE48: 0 | BF48: 0 | BG48: 0 | BH48: 0 | BI48: 0 | BJ48: 0 | BK48: 0 | BL48: 0 | BM48: 0 | BN48: 0 | BO48: 0 | BP48: =SUM(BF48:BO48) -> 0 | BQ48: 529 | BR48: =SUM(BS48:BZ48) -> 1 | BS48: 0 | BT48: 0 | BU48: 1 | BV48: 0 | BW48: 0 | BX48: 0 | BY48: 0 | BZ48: 0 | CA48: 1 | CB48: 0 | CC48: 1 | CD48: 0 | CE48: 0 | CF48: 0 | CG48: 0 | CH48: 0 | CI48: 0 | CJ48: 0 | CK48: =SUM(CA48:CJ48) -> 2 | CL48: 537 | CM48: 172 | CN48: =SUM(CO48:CV48) -> 1 | CO48: 0 | CP48: 0 | CQ48: 1 | CR48: 0 | CS48: 0 | CT48: 0 | CU48: 0 | CV48: 0 | CW48: 0 | CX48: 0 | CY48: 0 | CZ48: 0 | DA48: 0 | DB48: 0 | DC48: 0 | DD48: 0 | DE48: 0 | DF48: 0 | DG48: =SUM(CW48:DF48) -> 0 | DH48: 531 | DI48: 166 | DJ48: 528 | DK48: 164 | DL48: =SUM(DO48:DV48) -> 2 | DM48: =(DO48+DP48+DQ48+DS48+DT48+DU48) -> 2 | DN48: =DR48+DV48 -> 0 | DO48: 0 | DP48: 0 | DQ48: 1 | DR48: 0 | DS48: 1 | DT48: 0 | DU48: 0 | DV48: 0 | DW48: 0 | DX48: 0 | DY48: 0 | DZ48: 0 | EA48: 0 | EB48: 0 | EC48: 0 | ED48: 0 | EE48: 0 | EF48: 0 | EG48: =SUM(DW48:EF48) -> 0 | EH48: =DW48+DX48+DY48+EA48+EB48+EC48+EE48+EF48 -> 0 | EI48: 523 | EJ48: 150 | EK48: 516 | EL48: 145 | EM48: =SUM(EP48:EW48) -> 1 | EN48: =(EP48+EQ48+ER48+ET48+EU48+EV48) -> 0 | EO48: =ES48+EW48 -> 1 | EP48: 0 | EQ48: 0 | ER48: 0 | ES48: 1 | ET48: 0 | EU48: 0 | EV48: 0 | EW48: 0 | EX48: 0 | EY48: 1 | EZ48: 0 | FA48: 0 | FB48: 0 | FC48: 0 | FD48: 0 | FE48: 0 | FF48: 0 | FG48: 0 | FH48: =SUM(EX48:FG48) -> 1 | FI48: =EX48+EY48+EZ48+FB48+FC48+FD48 -> 1 | FJ48: 536 | FK48: 146 | FL48: 513 | FM48: 135 | FO48: 3 | FP48: =SUM(FS48:FZ48) -> 3 | FQ48: 0 | FR48: 3 | FS48: 0 | FT48: 0 | FU48: 0 | FV48: 1 | FW48: 0 | FX48: 0 | FY48: 0 | FZ48: 2 | GA48: 0 | GB48: 0 | GC48: 0 | GD48: 0 | GE48: 0 | GF48: 0 | GG48: 0 | GH48: 0 | GI48: 0 | GJ48: 0 | GK48: 0 | GL48: 0 | GM48: 531 | GN48: 150 | GO48: 517 | GP48: 140 | GR48: 3 | GS48: 0 | GT48: =GU48+GV48 -> 3 | GU48: =GW48+GX48+GY48+HA48+HB48+HC48 -> 0 | GV48: =GZ48+HD48 -> 3 | GW48: 0 | GX48: 0 | GY48: 0 | GZ48: 3 | HA48: 0 | HB48: 0 | HC48: 0 | HD48: 0 | HE48: 0 | HF48: 0 | HG48: 0 | HH48: 0 | HI48: 0 | HJ48: 0 | HK48: 0 | HL48: 0 | HM48: 0 | HN48: 0 | HO48: 0 | HP48: 0 | HT48: =H48 -> 18 | HU48: =P48 -> 3 | HV48: =X48 -> 7 | HW48: =AF48 -> 7 | HX48: =AN48 -> 2 | HY48: =AW48 -> 3 | HZ48: =BR48 -> 1 | IA48: =CN48 -> 1 | IB48: =DL48 -> 2 | IC48: =EM48 -> 1 | ID48: =FP48 -> 3 | IE48: =GT48 -> 3 | JB48: =SUM(I48:L48) -> 18 | JC48: =SUM(Q48:T48) -> 3 | JD48: =SUM(Y48:AB48) -> 7 | JE48: =SUM(AG48:AJ48) -> 7 | JF48: =SUM(AO48:AR48) -> 2 | JG48: =SUM(AX48:BE48) -> 3 | JH48: =SUM(BS48:BZ48) -> 1 | JI48: =SUM(CO48:CV48) -> 1 | JJ48: =SUM(DO48:DV48) -> 2 | JK48: =SUM(EP48:FA48) -> 2 | JL48: =SUM(FS48:FZ48) -> 3 | JM48: =SUM(GW48:HD48) -> 3 | JO48: =H48 -> 18 | JP48: 3 | JQ48: 7 | JR48: 7 | JS48: 2 | JV48: =IA48-JI48 -> 0 | JW48: =IB48-JJ48 -> 0 | JX48: =IC48-JK48 -> -1 | KB48: =JB48-JO48 -> 0 | KC48: =JC48-JP48 -> 0 | KD48: =JD48-JQ48 -> 0 | KE48: =JE48-JR48 -> 0 | KF48: =JF48-JS48 -> 0 | KG48: =JG48-JT48 -> 3 | KH48: =JH48-JU48 -> 1 | KI48: =JI48-JV48 -> 1 | ... KM48: =JM48-JZ48 -> 3
A49: 42 | B49: GENUK | C49: 3374090 | D49: BANGETAYU | E49: Sembungharjo | F49: 11 | G49: 1086 | H49: 1 | I49: 0 | J49: 0 | K49: 0 | L49: 1 | M49: 0 | N49: 0 | O49: =H49-(M49+N49) -> 1 | P49: 1 | Q49: 0 | R49: 0 | S49: 0 | T49: 1 | U49: 0 | V49: 0 | W49: =P49-(U49+V49) -> 1 | X49: 2 | Y49: 0 | Z49: 0 | AA49: 1 | AB49: 1 | AC49: 1 | AD49: 0 | AE49: =X49-(AC49+AD49) -> 1 | AF49: 1 | AG49: 0 | AH49: 0 | AI49: 1 | AJ49: 0 | AK49: 0 | AL49: 1 | AM49: =AF49-(AK49+AL49) -> 0 | AN49: 0 | AO49: 0 | AP49: 0 | AQ49: 0 | AR49: 0 | AS49: 0 | AT49: 0 | AU49: =AN49-(AS49+AT49) -> 0 | AV49: 1002 | AW49: =SUM(AX49:BE49) -> 1 | AX49: 0 | AY49: 0 | AZ49: 0 | BA49: 0 | BB49: 0 | BC49: 0 | BD49: 0 | BE49: 1 | BF49: 0 | BG49: 0 | BH49: 0 | BI49: 0 | BJ49: 0 | BK49: 0 | BL49: 0 | BM49: 0 | BN49: 0 | BO49: 0 | BP49: =SUM(BF49:BO49) -> 0 | BQ49: 1025 | BR49: =SUM(BS49:BZ49) -> 0 | BS49: 0 | BT49: 0 | BU49: 0 | BV49: 0 | BW49: 0 | BX49: 0 | BY49: 0 | BZ49: 0 | CA49: 0 | CB49: 0 | CC49: 0 | CD49: 0 | CE49: 0 | CF49: 0 | CG49: 0 | CH49: 1 | CI49: 0 | CJ49: 0 | CK49: =SUM(CA49:CJ49) -> 1 | CL49: 1015 | CM49: 448 | CN49: =SUM(CO49:CV49) -> 1 | CO49: 0 | CP49: 0 | CQ49: 0 | CR49: 0 | CS49: 0 | CT49: 0 | CU49: 0 | CV49: 1 | CW49: 0 | CX49: 0 | CY49: 0 | CZ49: 0 | DA49: 0 | DB49: 0 | DC49: 0 | DD49: 0 | DE49: 0 | DF49: 0 | DG49: =SUM(CW49:DF49) -> 0 | DH49: 974 | DI49: 392 | DJ49: 883 | DK49: 360 | DL49: =SUM(DO49:DV49) -> 1 | DM49: =(DO49+DP49+DQ49+DS49+DT49+DU49) -> 0 | DN49: =DR49+DV49 -> 1 | DO49: 0 | DP49: 0 | DQ49: 0 | DR49: 1 | DS49: 0 | DT49: 0 | DU49: 0 | DV49: 0 | DW49: 0 | DX49: 0 | DY49: 0 | DZ49: 0 | EA49: 0 | EB49: 0 | EC49: 0 | ED49: 0 | EE49: 0 | EF49: 0 | EG49: =SUM(DW49:EF49) -> 0 | EH49: =DW49+DX49+DY49+EA49+EB49+EC49+EE49+EF49 -> 0 | EI49: 968 | EJ49: 348 | EK49: 866 | EL49: 361 | EM49: =SUM(EP49:EW49) -> 2 | EN49: =(EP49+EQ49+ER49+ET49+EU49+EV49) -> 1 | EO49: =ES49+EW49 -> 1 | EP49: 0 | EQ49: 0 | ER49: 0 | ES49: 1 | ET49: 0 | EU49: 0 | EV49: 1 | EW49: 0 | EX49: 0 | EY49: 0 | EZ49: 0 | FA49: 0 | FB49: 0 | FC49: 0 | FD49: 0 | FE49: 0 | FF49: 0 | FG49: 0 | FH49: =SUM(EX49:FG49) -> 0 | FI49: =EX49+EY49+EZ49+FB49+FC49+FD49 -> 0 | FJ49: 974 | FK49: 312 | FL49: 844 | FM49: 266 | FO49: 5 | FP49: =SUM(FS49:FZ49) -> 5 | FQ49: 3 | FR49: 2 | FS49: 0 | FT49: 0 | FU49: 1 | FV49: 1 | FW49: 0 | FX49: 0 | FY49: 2 | FZ49: 1 | GA49: 0 | GB49: 0 | GC49: 0 | GD49: 0 | GE49: 0 | GF49: 0 | GG49: 0 | GH49: 0 | GI49: 0 | GJ49: 0 | GK49: 0 | GL49: 0 | GM49: 821 | GN49: 327 | GO49: 813 | GP49: 262 | GR49: 6 | GS49: 3 | GT49: =GU49+GV49 -> 6 | GU49: =GW49+GX49+GY49+HA49+HB49+HC49 -> 3 | GV49: =GZ49+HD49 -> 3 | GW49: 0 | GX49: 0 | GY49: 1 | GZ49: 3 | HA49: 0 | HB49: 0 | HC49: 2 | HD49: 0 | HE49: 0 | HF49: 0 | HG49: 1 | HH49: 0 | HI49: 0 | HJ49: 0 | HK49: 0 | HL49: 0 | HM49: 0 | HN49: 0 | HO49: 0 | HP49: 1 | HT49: =H49 -> 1 | HU49: =P49 -> 1 | HV49: =X49 -> 2 | HW49: =AF49 -> 1 | HX49: =AN49 -> 0 | HY49: =AW49 -> 1 | HZ49: =BR49 -> 0 | IA49: =CN49 -> 1 | IB49: =DL49 -> 1 | IC49: =EM49 -> 2 | ID49: =FP49 -> 5 | IE49: =GT49 -> 6 | JB49: =SUM(I49:L49) -> 1 | JC49: =SUM(Q49:T49) -> 1 | JD49: =SUM(Y49:AB49) -> 2 | JE49: =SUM(AG49:AJ49) -> 1 | JF49: =SUM(AO49:AR49) -> 0 | JG49: =SUM(AX49:BE49) -> 1 | JH49: =SUM(BS49:BZ49) -> 0 | JI49: =SUM(CO49:CV49) -> 1 | JJ49: =SUM(DO49:DV49) -> 1 | JK49: =SUM(EP49:FA49) -> 2 | JL49: =SUM(FS49:FZ49) -> 5 | JM49: =SUM(GW49:HD49) -> 6 | JO49: =H49 -> 1 | JP49: 1 | JQ49: 2 | JR49: 1 | JS49: 0 | JV49: =IA49-JI49 -> 0 | JW49: =IB49-JJ49 -> 0 | JX49: =IC49-JK49 -> 0 | KB49: =JB49-JO49 -> 0 | KC49: =JC49-JP49 -> 0 | KD49: =JD49-JQ49 -> 0 | KE49: =JE49-JR49 -> 0 | KF49: =JF49-JS49 -> 0 | KG49: =JG49-JT49 -> 1 | KH49: =JH49-JU49 -> 0 | KI49: =JI49-JV49 -> 1 | ... KM49: =JM49-JZ49 -> 6
A50: 43 | B50: GENUK | C50: 3374090 | D50: BANGETAYU | E50: Kudu | F50: 8 | G50: 744 | H50: 1 | I50: 0 | J50: 0 | K50: 0 | L50: 1 | M50: 0 | N50: 0 | O50: =H50-(M50+N50) -> 1 | P50: 1 | Q50: 0 | R50: 0 | S50: 0 | T50: 1 | U50: 0 | V50: 0 | W50: =P50-(U50+V50) -> 1 | X50: 2 | Y50: 0 | Z50: 0 | AA50: 0 | AB50: 2 | AC50: 1 | AD50: 0 | AE50: =X50-(AC50+AD50) -> 1 | AF50: 4 | AG50: 0 | AH50: 0 | AI50: 1 | AJ50: 3 | AK50: 2 | AL50: 0 | AM50: =AF50-(AK50+AL50) -> 2 | AN50: 3 | AO50: 0 | AP50: 0 | AQ50: 1 | AR50: 2 | AS50: 0 | AT50: 1 | AU50: =AN50-(AS50+AT50) -> 2 | AV50: 785 | AW50: =SUM(AX50:BE50) -> 3 | AX50: 0 | AY50: 0 | AZ50: 1 | BA50: 2 | BB50: 0 | BC50: 0 | BD50: 0 | BE50: 0 | BF50: 0 | BG50: 0 | BH50: 0 | BI50: 0 | BJ50: 0 | BK50: 0 | BL50: 0 | BM50: 0 | BN50: 0 | BO50: 0 | BP50: =SUM(BF50:BO50) -> 0 | BQ50: 812 | BR50: =SUM(BS50:BZ50) -> 3 | BS50: 0 | BT50: 0 | BU50: 1 | BV50: 2 | BW50: 0 | BX50: 0 | BY50: 0 | BZ50: 0 | CA50: 0 | CB50: 0 | CC50: 0 | CD50: 0 | CE50: 0 | CF50: 0 | CG50: 0 | CH50: 0 | CI50: 0 | CJ50: 0 | CK50: =SUM(CA50:CJ50) -> 0 | CL50: 783 | CM50: 224 | CN50: =SUM(CO50:CV50) -> 3 | CO50: 0 | CP50: 0 | CQ50: 1 | CR50: 1 | CS50: 0 | CT50: 0 | CU50: 0 | CV50: 1 | CW50: 0 | CX50: 0 | CY50: 0 | CZ50: 1 | DA50: 0 | DB50: 0 | DC50: 0 | DD50: 0 | DE50: 0 | DF50: 0 | DG50: =SUM(CW50:DF50) -> 1 | DH50: 802 | DI50: 283 | DJ50: 744 | DK50: 270 | DL50: =SUM(DO50:DV50) -> 3 | DM50: =(DO50+DP50+DQ50+DS50+DT50+DU50) -> 1 | DN50: =DR50+DV50 -> 2 | DO50: 0 | DP50: 0 | DQ50: 1 | DR50: 2 | DS50: 0 | DT50: 0 | DU50: 0 | DV50: 0 | DW50: 0 | DX50: 0 | DY50: 0 | DZ50: 0 | EA50: 0 | EB50: 0 | EC50: 0 | ED50: 0 | EE50: 0 | EF50: 0 | EG50: =SUM(DW50:EF50) -> 0 | EH50: =DW50+DX50+DY50+EA50+EB50+EC50+EE50+EF50 -> 0 | EI50: 794 | EJ50: 262 | EK50: 752 | EL50: 268 | EM50: =SUM(EP50:EW50) -> 2 | EN50: =(EP50+EQ50+ER50+ET50+EU50+EV50) -> 0 | EO50: =ES50+EW50 -> 2 | EP50: 0 | EQ50: 0 | ER50: 0 | ES50: 2 | ET50: 0 | EU50: 0 | EV50: 0 | EW50: 0 | EX50: 0 | EY50: 0 | EZ50: 1 | FA50: 0 | FB50: 0 | FC50: 0 | FD50: 0 | FE50: 0 | FF50: 0 | FG50: 0 | FH50: =SUM(EX50:FG50) -> 1 | FI50: =EX50+EY50+EZ50+FB50+FC50+FD50 -> 1 | FJ50: 691 | FK50: 227 | FL50: 675 | FM50: 204 | FO50: 3 | FP50: =SUM(FS50:FZ50) -> 3 | FQ50: 1 | FR50: 2 | FS50: 0 | FT50: 0 | FU50: 0 | FV50: 2 | FW50: 0 | FX50: 1 | FY50: 0 | FZ50: 0 | GA50: 0 | GB50: 0 | GC50: 0 | GD50: 0 | GE50: 0 | GF50: 0 | GG50: 0 | GH50: 0 | GI50: 0 | GJ50: 0 | GK50: 0 | GL50: 0 | GM50: 754 | GN50: 324 | GO50: 733 | GP50: 253 | GR50: 2 | GS50: 0 | GT50: =GU50+GV50 -> 2 | GU50: =GW50+GX50+GY50+HA50+HB50+HC50 -> 0 | GV50: =GZ50+HD50 -> 2 | GW50: 0 | GX50: 0 | GY50: 0 | GZ50: 2 | HA50: 0 | HB50: 0 | HC50: 0 | HD50: 0 | HE50: 0 | HF50: 0 | HG50: 1 | HH50: 0 | HI50: 0 | HJ50: 0 | HK50: 0 | HL50: 0 | HM50: 0 | HN50: 0 | HO50: 0 | HP50: 1 | HT50: =H50 -> 1 | HU50: =P50 -> 1 | HV50: =X50 -> 2 | HW50: =AF50 -> 4 | HX50: =AN50 -> 3 | HY50: =AW50 -> 3 | HZ50: =BR50 -> 3 | IA50: =CN50 -> 3 | IB50: =DL50 -> 3 | IC50: =EM50 -> 2 | ID50: =FP50 -> 3 | IE50: =GT50 -> 2 | JB50: =SUM(I50:L50) -> 1 | JC50: =SUM(Q50:T50) -> 1 | JD50: =SUM(Y50:AB50) -> 2 | JE50: =SUM(AG50:AJ50) -> 4 | JF50: =SUM(AO50:AR50) -> 3 | JG50: =SUM(AX50:BE50) -> 3 | JH50: =SUM(BS50:BZ50) -> 3 | JI50: =SUM(CO50:CV50) -> 3 | JJ50: =SUM(DO50:DV50) -> 3 | JK50: =SUM(EP50:FA50) -> 3 | JL50: =SUM(FS50:FZ50) -> 3 | JM50: =SUM(GW50:HD50) -> 2 | JO50: =H50 -> 1 | JP50: 1 | JQ50: 2 | JR50: 4 | JS50: 3 | JV50: =IA50-JI50 -> 0 | JW50: =IB50-JJ50 -> 0 | JX50: =IC50-JK50 -> -1 | KB50: =JB50-JO50 -> 0 | KC50: =JC50-JP50 -> 0 | KD50: =JD50-JQ50 -> 0 | KE50: =JE50-JR50 -> 0 | KF50: =JF50-JS50 -> 0 | KG50: =JG50-JT50 -> 3 | KH50: =JH50-JU50 -> 3 | KI50: =JI50-JV50 -> 3 | ... KM50: =JM50-JZ50 -> 2
A51: 44 | B51: GENUK | C51: 3374090 | D51: BANGETAYU | E51: Karangroto | F51: 13 | G51: 1298 | H51: 1 | I51: 0 | J51: 0 | K51: 0 | L51: 1 | M51: 0 | N51: 0 | O51: =H51-(M51+N51) -> 1 | P51: 0 | Q51: 0 | R51: 0 | S51: 0 | T51: 0 | U51: 0 | V51: 0 | W51: =P51-(U51+V51) -> 0 | X51: 2 | Y51: 0 | Z51: 0 | AA51: 1 | AB51: 1 | AC51: 2 | AD51: 0 | AE51: =X51-(AC51+AD51) -> 0 | AF51: 3 | AG51: 0 | AH51: 0 | AI51: 2 | AJ51: 1 | AK51: 1 | AL51: 0 | AM51: =AF51-(AK51+AL51) -> 2 | AN51: 4 | AO51: 0 | AP51: 0 | AQ51: 2 | AR51: 2 | AS51: 1 | AT51: 0 | AU51: =AN51-(AS51+AT51) -> 3 | AV51: 1286 | AW51: =SUM(AX51:BE51) -> 4 | AX51: 0 | AY51: 0 | AZ51: 2 | BA51: 2 | BB51: 0 | BC51: 0 | BD51: 0 | BE51: 0 | BF51: 0 | BG51: 0 | BH51: 0 | BI51: 0 | BJ51: 0 | BK51: 0 | BL51: 0 | BM51: 0 | BN51: 0 | BO51: 0 | BP51: =SUM(BF51:BO51) -> 0 | BQ51: 1308 | BR51: =SUM(BS51:BZ51) -> 5 | BS51: 0 | BT51: 0 | BU51: 2 | BV51: 2 | BW51: 0 | BX51: 0 | BY51: 0 | BZ51: 1 | CA51: 0 | CB51: 0 | CC51: 0 | CD51: 0 | CE51: 0 | CF51: 0 | CG51: 0 | CH51: 0 | CI51: 0 | CJ51: 0 | CK51: =SUM(CA51:CJ51) -> 0 | CL51: 1198 | CM51: 539 | CN51: =SUM(CO51:CV51) -> 5 | CO51: 0 | CP51: 0 | CQ51: 2 | CR51: 2 | CS51: 0 | CT51: 0 | CU51: 0 | CV51: 1 | CW51: 0 | CX51: 0 | CY51: 0 | CZ51: 1 | DA51: 0 | DB51: 0 | DC51: 0 | DD51: 0 | DE51: 0 | DF51: 0 | DG51: =SUM(CW51:DF51) -> 1 | DH51: 1144 | DI51: 488 | DJ51: 1069 | DK51: 470 | DL51: =SUM(DO51:DV51) -> 6 | DM51: =(DO51+DP51+DQ51+DS51+DT51+DU51) -> 2 | DN51: =DR51+DV51 -> 4 | DO51: 0 | DP51: 0 | DQ51: 2 | DR51: 3 | DS51: 0 | DT51: 0 | DU51: 0 | DV51: 1 | DW51: 0 | DX51: 0 | DY51: 0 | DZ51: 0 | EA51: 0 | EB51: 0 | EC51: 0 | ED51: 0 | EE51: 0 | EF51: 0 | EG51: =SUM(DW51:EF51) -> 0 | EH51: =DW51+DX51+DY51+EA51+EB51+EC51+EE51+EF51 -> 0 | EI51: 1135 | EJ51: 469 | EK51: 1095 | EL51: 424 | EM51: =SUM(EP51:EW51) -> 6 | EN51: =(EP51+EQ51+ER51+ET51+EU51+EV51) -> 2 | EO51: =ES51+EW51 -> 4 | EP51: 0 | EQ51: 0 | ER51: 2 | ES51: 4 | ET51: 0 | EU51: 0 | EV51: 0 | EW51: 0 | EX51: 0 | EY51: 0 | EZ51: 0 | FA51: 0 | FB51: 0 | FC51: 0 | FD51: 0 | FE51: 0 | FF51: 0 | FG51: 0 | FH51: =SUM(EX51:FG51) -> 0 | FI51: =EX51+EY51+EZ51+FB51+FC51+FD51 -> 0 | FJ51: 923 | FK51: 192 | FL51: 811 | FM51: 186 | FO51: 6 | FP51: =SUM(FS51:FZ51) -> 6 | FQ51: 2 | FR51: 4 | FS51: 0 | FT51: 0 | FU51: 2 | FV51: 4 | FW51: 0 | FX51: 0 | FY51: 0 | FZ51: 0 | GA51: 0 | GB51: 0 | GC51: 0 | GD51: 0 | GE51: 0 | GF51: 0 | GG51: 0 | GH51: 0 | GI51: 0 | GK51: 0 | GL51: 0 | GM51: 1095 | GN51: 227 | GO51: 1034 | GP51: 188 | GR51: 6 | GS51: 2 | GT51: =GU51+GV51 -> 6 | GU51: =GW51+GX51+GY51+HA51+HB51+HC51 -> 2 | GV51: =GZ51+HD51 -> 4 | GW51: 0 | GX51: 0 | GY51: 2 | GZ51: 4 | HA51: 0 | HB51: 0 | HC51: 0 | HD51: 0 | HE51: 0 | HF51: 0 | HG51: 0 | HH51: 0 | HI51: 0 | HJ51: 0 | HK51: 0 | HL51: 0 | HM51: 0 | HN51: 0 | HO51: 0 | HP51: 0 | HT51: =H51 -> 1 | HU51: =P51 -> 0 | HV51: =X51 -> 2 | HW51: =AF51 -> 3 | HX51: =AN51 -> 4 | HY51: =AW51 -> 4 | HZ51: =BR51 -> 5 | IA51: =CN51 -> 5 | IB51: =DL51 -> 6 | IC51: =EM51 -> 6 | ID51: =FP51 -> 6 | IE51: =GT51 -> 6 | JB51: =SUM(I51:L51) -> 1 | JC51: =SUM(Q51:T51) -> 0 | JD51: =SUM(Y51:AB51) -> 2 | JE51: =SUM(AG51:AJ51) -> 3 | JF51: =SUM(AO51:AR51) -> 4 | JG51: =SUM(AX51:BE51) -> 4 | JH51: =SUM(BS51:BZ51) -> 5 | JI51: =SUM(CO51:CV51) -> 5 | JJ51: =SUM(DO51:DV51) -> 6 | JK51: =SUM(EP51:FA51) -> 6 | JL51: =SUM(FS51:FZ51) -> 6 | JM51: =SUM(GW51:HD51) -> 6 | JO51: =H51 -> 1 | JP51: 0 | JQ51: 2 | JR51: 3 | JS51: 4 | JV51: =IA51-JI51 -> 0 | JW51: =IB51-JJ51 -> 0 | JX51: =IC51-JK51 -> 0 | KB51: =JB51-JO51 -> 0 | KC51: =JC51-JP51 -> 0 | KD51: =JD51-JQ51 -> 0 | KE51: =JE51-JR51 -> 0 | KF51: =JF51-JS51 -> 0 | KG51: =JG51-JT51 -> 4 | KH51: =JH51-JU51 -> 5 | KI51: =JI51-JV51 -> 5 | ... KM51: =JM51-JZ51 -> 6
A52: 45 | B52: GENUK | C52: 3374070 | D52: GENUK | E52: Genuksari | F52: 13 | G52: 1112 | H52: 3 | I52: 0 | J52: 0 | K52: 0 | L52: 3 | M52: 0 | N52: 3 | O52: =H52-(M52+N52) -> 0 | P52: 28 | Q52: 1 | R52: 1 | S52: 15 | T52: 11 | U52: 5 | V52: 3 | W52: =P52-(U52+V52) -> 20 | X52: 9 | Y52: 0 | Z52: 0 | AA52: 0 | AB52: 9 | AC52: 0 | AD52: 0 | AE52: =X52-(AC52+AD52) -> 9 | AF52: 9 | AG52: 0 | AH52: 0 | AI52: 0 | AJ52: 9 | AK52: 0 | AL52: 0 | AM52: =AF52-(AK52+AL52) -> 9 | AN52: 8 | AO52: 0 | AP52: 0 | AQ52: 0 | AR52: 8 | AS52: 0 | AT52: 0 | AU52: =AN52-(AS52+AT52) -> 8 | AV52: 1061 | AW52: =SUM(AX52:BE52) -> 10 | AX52: 0 | AY52: 1 | AZ52: 4 | BA52: 5 | BB52: 0 | BC52: 0 | BD52: 0 | BE52: 0 | BF52: 0 | BG52: 0 | BH52: 0 | BI52: 0 | BJ52: 0 | BK52: 0 | BL52: 0 | BM52: 0 | BN52: 0 | BO52: 0 | BP52: =SUM(BF52:BO52) -> 0 | BQ52: 1091 | BR52: =SUM(BS52:BZ52) -> 10 | BS52: 0 | BT52: 1 | BU52: 4 | BV52: 5 | CA52: 0 | CB52: 0 | CK52: =SUM(CA52:CJ52) -> 0 | CL52: 1018 | CM52: 426 | CN52: =SUM(CO52:CV52) -> 9 | CO52: 0 | CP52: 0 | CQ52: 4 | CR52: 5 | CS52: 0 | CT52: 0 | CU52: 0 | CV52: 0 | CW52: 0 | CX52: 0 | CY52: 0 | CZ52: 0 | DA52: 0 | DB52: 0 | DC52: 0 | DD52: 0 | DE52: 0 | DF52: 0 | DG52: =SUM(CW52:DF52) -> 0 | DH52: 987 | DI52: 494 | DJ52: 967 | DK52: 474 | DL52: =SUM(DO52:DV52) -> 8 | DM52: =(DO52+DP52+DQ52+DS52+DT52+DU52) -> 4 | DN52: =DR52+DV52 -> 4 | DO52: 0 | DP52: 0 | DQ52: 4 | DR52: 4 | DS52: 0 | DT52: 0 | DU52: 0 | DV52: 0 | DW52: 0 | DX52: 0 | DY52: 0 | DZ52: 0 | EA52: 0 | EB52: 0 | EC52: 0 | ED52: 0 | EE52: 0 | EF52: 0 | EG52: =SUM(DW52:EF52) -> 0 | EH52: =DW52+DX52+DY52+EA52+EB52+EC52+EE52+EF52 -> 0 | EI52: 991 | EJ52: 349 | EK52: 969 | EL52: 331 | EM52: =SUM(EP52:EW52) -> 9 | EN52: =(EP52+EQ52+ER52+ET52+EU52+EV52) -> 4 | EO52: =ES52+EW52 -> 5 | EP52: 0 | EQ52: 0 | ER52: 4 | ES52: 5 | ET52: 0 | EU52: 0 | EV52: 0 | EW52: 0 | EX52: 0 | EY52: 0 | EZ52: 0 | FA52: 0 | FB52: 0 | FC52: 0 | FD52: 0 | FE52: 0 | FF52: 0 | FH52: =SUM(EX52:FG52) -> 0 | FI52: =EX52+EY52+EZ52+FB52+FC52+FD52 -> 0 | FJ52: 895 | FK52: 396 | FL52: 860 | FM52: 391 | FO52: 9 | FP52: =SUM(FS52:FZ52) -> 9 | FQ52: 2 | FR52: 7 | FS52: 0 | FT52: 0 | FU52: 2 | FV52: 7 | FW52: 0 | FX52: 0 | FY52: 0 | FZ52: 0 | GA52: 0 | GB52: 0 | GC52: 0 | GD52: 0 | GE52: 0 | GF52: 0 | GG52: 0 | GH52: 0 | GI52: 0 | GJ52: 0 | GK52: 0 | GL52: 0 | GM52: 1006 | GN52: 197 | GO52: 929 | GP52: 176 | GR52: 9 | GS52: 2 | GT52: =GU52+GV52 -> 9 | GU52: =GW52+GX52+GY52+HA52+HB52+HC52 -> 2 | GV52: =GZ52+HD52 -> 7 | GW52: 0 | GX52: 0 | GY52: 2 | GZ52: 7 | HA52: 0 | HB52: 0 | HC52: 0 | HD52: 0 | HE52: 0 | HF52: 0 | HG52: 0 | HH52: 0 | HI52: 0 | HJ52: 0 | HK52: 0 | HL52: 0 | HM52: 0 | HN52: 0 | HO52: 0 | HP52: 0 | HT52: =H52 -> 3 | HU52: =P52 -> 28 | HV52: =X52 -> 9 | HW52: =AF52 -> 9 | HX52: =AN52 -> 8 | HY52: =AW52 -> 10 | HZ52: =BR52 -> 10 | IA52: =CN52 -> 9 | IB52: =DL52 -> 8 | IC52: =EM52 -> 9 | ID52: =FP52 -> 9 | IE52: =GT52 -> 9 | JB52: =SUM(I52:L52) -> 3 | JC52: =SUM(Q52:T52) -> 28 | JD52: =SUM(Y52:AB52) -> 9 | JE52: =SUM(AG52:AJ52) -> 9 | JF52: =SUM(AO52:AR52) -> 8 | JG52: =SUM(AX52:BE52) -> 10 | JH52: =SUM(BS52:BZ52) -> 10 | JI52: =SUM(CO52:CV52) -> 9 | JJ52: =SUM(DO52:DV52) -> 8 | JK52: =SUM(EP52:FA52) -> 9 | JL52: =SUM(FS52:FZ52) -> 9 | JM52: =SUM(GW52:HD52) -> 9 | JO52: =H52 -> 3 | JP52: 28 | JQ52: 9 | JR52: 9 | JS52: 8 | JV52: =IA52-JI52 -> 0 | JW52: =IB52-JJ52 -> 0 | JX52: =IC52-JK52 -> 0 | KB52: =JB52-JO52 -> 0 | KC52: =JC52-JP52 -> 0 | KD52: =JD52-JQ52 -> 0 | KE52: =JE52-JR52 -> 0 | KF52: =JF52-JS52 -> 0 | KG52: =JG52-JT52 -> 10 | KH52: =JH52-JU52 -> 10 | KI52: =JI52-JV52 -> 9 | ... KM52: =JM52-JZ52 -> 9
A53: 46 | B53: GENUK | C53: 3374070 | D53: GENUK | E53: Banjardowoi | F53: 11 | G53: 767 | H53: 5 | I53: 0 | J53: 2 | K53: 0 | L53: 3 | M53: 0 | N53: 5 | O53: =H53-(M53+N53) -> 0 | P53: 12 | Q53: 0 | R53: 0 | S53: 3 | T53: 9 | U53: 4 | V53: 2 | W53: =P53-(U53+V53) -> 6 | X53: 2 | Y53: 0 | Z53: 0 | AA53: 0 | AB53: 2 | AC53: 0 | AD53: 0 | AE53: =X53-(AC53+AD53) -> 2 | AF53: 3 | AG53: 0 | AH53: 0 | AI53: 0 | AJ53: 3 | AK53: 2 | AL53: 1 | AM53: =AF53-(AK53+AL53) -> 0 | AN53: 4 | AO53: 0 | AP53: 0 | AQ53: 0 | AR53: 4 | AS53: 0 | AT53: 0 | AU53: =AN53-(AS53+AT53) -> 4 | AV53: 936 | AW53: =SUM(AX53:BE53) -> 1 | AX53: 0 | AY53: 0 | AZ53: 0 | BA53: 1 | BB53: 0 | BC53: 0 | BD53: 0 | BE53: 0 | BF53: 0 | BG53: 0 | BH53: 0 | BI53: 0 | BJ53: 0 | BK53: 0 | BL53: 0 | BM53: 0 | BN53: 0 | BO53: 0 | BP53: =SUM(BF53:BO53) -> 0 | BQ53: 994 | BR53: =SUM(BS53:BZ53) -> 1 | BT53: 0 | BU53: 0 | BV53: 1 | CK53: =SUM(CA53:CJ53) -> 0 | CL53: 984 | CM53: 387 | CN53: =SUM(CO53:CV53) -> 4 | CO53: 0 | CP53: 0 | CQ53: 0 | CR53: 4 | CS53: 0 | CT53: 0 | CU53: 0 | CV53: 0 | CW53: 0 | CX53: 0 | CY53: 0 | CZ53: 0 | DA53: 0 | DB53: 0 | DC53: 0 | DD53: 0 | DE53: 0 | DF53: 0 | DG53: =SUM(CW53:DF53) -> 0 | DH53: 887 | DI53: 312 | DJ53: 883 | DK53: 295 | DL53: =SUM(DO53:DV53) -> 6 | DM53: =(DO53+DP53+DQ53+DS53+DT53+DU53) -> 1 | DN53: =DR53+DV53 -> 5 | DO53: 0 | DP53: 0 | DQ53: 1 | DR53: 5 | DS53: 0 | DT53: 0 | DU53: 0 | DV53: 0 | DW53: 0 | DX53: 0 | DY53: 0 | DZ53: 0 | EA53: 0 | EB53: 0 | EC53: 0 | ED53: 0 | EE53: 0 | EF53: 0 | EG53: =SUM(DW53:EF53) -> 0 | EH53: =DW53+DX53+DY53+EA53+EB53+EC53+EE53+EF53 -> 0 | EI53: 864 | EJ53: 263 | EK53: 845 | EL53: 234 | EM53: =SUM(EP53:EW53) -> 6 | EN53: =(EP53+EQ53+ER53+ET53+EU53+EV53) -> 1 | EO53: =ES53+EW53 -> 5 | EP53: 0 | EQ53: 0 | ER53: 1 | ES53: 5 | ET53: 0 | EU53: 0 | EV53: 0 | EW53: 0 | EX53: 0 | EY53: 0 | EZ53: 0 | FA53: 0 | FB53: 0 | FC53: 0 | FD53: 0 | FE53: 0 | FF53: 0 | FH53: =SUM(EX53:FG53) -> 0 | FI53: =EX53+EY53+EZ53+FB53+FC53+FD53 -> 0 | FJ53: 764 | FK53: 337 | FL53: 741 | FM53: 337 | FO53: 5 | FP53: =SUM(FS53:FZ53) -> 5 | FQ53: 1 | FR53: 4 | FS53: 0 | FT53: 0 | FU53: 1 | FV53: 4 | FW53: 0 | FX53: 0 | FY53: 0 | FZ53: 0 | GA53: 0 | GB53: 0 | GC53: 0 | GD53: 0 | GE53: 0 | GF53: 0 | GG53: 0 | GH53: 0 | GI53: 0 | GJ53: 0 | GK53: 0 | GL53: 0 | GM53: 612 | GN53: 151 | GO53: 598 | GP53: 136 | GR53: 5 | GS53: 1 | GT53: =GU53+GV53 -> 5 | GU53: =GW53+GX53+GY53+HA53+HB53+HC53 -> 1 | GV53: =GZ53+HD53 -> 4 | GW53: 0 | GX53: 0 | GY53: 1 | GZ53: 4 | HA53: 0 | HB53: 0 | HC53: 0 | HD53: 0 | HE53: 0 | HF53: 0 | HG53: 0 | HH53: 0 | HI53: 0 | HJ53: 0 | HK53: 0 | HL53: 0 | HM53: 0 | HN53: 0 | HO53: 0 | HP53: 0 | HT53: =H53 -> 5 | HU53: =P53 -> 12 | HV53: =X53 -> 2 | HW53: =AF53 -> 3 | HX53: =AN53 -> 4 | HY53: =AW53 -> 1 | HZ53: =BR53 -> 1 | IA53: =CN53 -> 4 | IB53: =DL53 -> 6 | IC53: =EM53 -> 6 | ID53: =FP53 -> 5 | IE53: =GT53 -> 5 | JB53: =SUM(I53:L53) -> 5 | JC53: =SUM(Q53:T53) -> 12 | JD53: =SUM(Y53:AB53) -> 2 | JE53: =SUM(AG53:AJ53) -> 3 | JF53: =SUM(AO53:AR53) -> 4 | JG53: =SUM(AX53:BE53) -> 1 | JH53: =SUM(BS53:BZ53) -> 1 | JI53: =SUM(CO53:CV53) -> 4 | JJ53: =SUM(DO53:DV53) -> 6 | JK53: =SUM(EP53:FA53) -> 6 | JL53: =SUM(FS53:FZ53) -> 5 | JM53: =SUM(GW53:HD53) -> 5 | JO53: =H53 -> 5 | JP53: 12 | JQ53: 2 | JR53: 3 | JS53: 4 | JV53: =IA53-JI53 -> 0 | JW53: =IB53-JJ53 -> 0 | JX53: =IC53-JK53 -> 0 | KB53: =JB53-JO53 -> 0 | KC53: =JC53-JP53 -> 0 | KD53: =JD53-JQ53 -> 0 | KE53: =JE53-JR53 -> 0 | KF53: =JF53-JS53 -> 0 | KG53: =JG53-JT53 -> 1 | KH53: =JH53-JU53 -> 1 | KI53: =JI53-JV53 -> 4 | ... KM53: =JM53-JZ53 -> 5
A54: 47 | B54: GENUK | C54: 3374070 | D54: GENUK | E54: Gebangsari | F54: 11 | G54: 292 | H54: 0 | I54: 0 | J54: 0 | K54: 0 | L54: 0 | M54: 0 | N54: 0 | O54: =H54-(M54+N54) -> 0 | P54: 4 | Q54: 0 | R54: 0 | S54: 4 | T54: 0 | U54: 2 | V54: 2 | W54: =P54-(U54+V54) -> 0 | X54: 0 | Y54: 0 | Z54: 0 | AA54: 0 | AB54: 0 | AC54: 0 | AD54: 0 | AE54: =X54-(AC54+AD54) -> 0 | AF54: 2 | AG54: 0 | AH54: 0 | AI54: 0 | AJ54: 2 | AK54: 0 | AL54: 1 | AM54: =AF54-(AK54+AL54) -> 1 | AN54: 2 | AO54: 0 | AP54: 0 | AQ54: 0 | AR54: 2 | AS54: 0 | AT54: 0 | AU54: =AN54-(AS54+AT54) -> 2 | AV54: 299 | AW54: =SUM(AX54:BE54) -> 1 | AX54: 0 | AY54: 0 | AZ54: 0 | BA54: 1 | BB54: 0 | BC54: 0 | BD54: 0 | BE54: 0 | BF54: 0 | BG54: 0 | BH54: 0 | BI54: 0 | BJ54: 0 | BK54: 0 | BL54: 0 | BM54: 0 | BN54: 0 | BO54: 0 | BP54: =SUM(BF54:BO54) -> 0 | BQ54: 278 | BR54: =SUM(BS54:BZ54) -> 1 | BT54: 0 | BU54: 0 | BV54: 1 | CK54: =SUM(CA54:CJ54) -> 0 | CL54: 278 | CM54: 98 | CN54: =SUM(CO54:CV54) -> 1 | CO54: 0 | CP54: 0 | CQ54: 1 | CR54: 0 | CS54: 0 | CT54: 0 | CU54: 0 | CV54: 0 | CW54: 0 | CX54: 0 | CY54: 0 | CZ54: 0 | DA54: 0 | DB54: 0 | DC54: 0 | DD54: 0 | DE54: 0 | DF54: 0 | DG54: =SUM(CW54:DF54) -> 0 | DH54: 163 | DI54: 62 | DJ54: 146 | DK54: 55 | DL54: =SUM(DO54:DV54) -> 1 | DM54: =(DO54+DP54+DQ54+DS54+DT54+DU54) -> 1 | DN54: =DR54+DV54 -> 0 | DO54: 0 | DP54: 0 | DQ54: 1 | DR54: 0 | DS54: 0 | DT54: 0 | DU54: 0 | DV54: 0 | DW54: 0 | DX54: 0 | DY54: 0 | DZ54: 0 | EA54: 0 | EB54: 0 | EC54: 0 | ED54: 0 | EE54: 0 | EF54: 0 | EG54: =SUM(DW54:EF54) -> 0 | EH54: =DW54+DX54+DY54+EA54+EB54+EC54+EE54+EF54 -> 0 | EI54: 261 | EJ54: 93 | EK54: 245 | EL54: 82 | EM54: =SUM(EP54:EW54) -> 1 | EN54: =(EP54+EQ54+ER54+ET54+EU54+EV54) -> 1 | EO54: =ES54+EW54 -> 0 | EP54: 0 | EQ54: 0 | ER54: 1 | ES54: 0 | ET54: 0 | EU54: 0 | EV54: 0 | EW54: 0 | EX54: 0 | EY54: 0 | EZ54: 0 | FA54: 0 | FB54: 0 | FC54: 0 | FD54: 0 | FE54: 0 | FF54: 0 | FH54: =SUM(EX54:FG54) -> 0 | FI54: =EX54+EY54+EZ54+FB54+FC54+FD54 -> 0 | FJ54: 264 | FK54: 98 | FL54: 260 | FM54: 98 | FO54: 1 | FP54: =SUM(FS54:FZ54) -> 1 | FQ54: 0 | FR54: 1 | FS54: 0 | FT54: 0 | FU54: 0 | FV54: 1 | FW54: 0 | FX54: 0 | FY54: 0 | FZ54: 0 | GA54: 0 | GB54: 0 | GC54: 0 | GD54: 0 | GE54: 0 | GF54: 0 | GG54: 0 | GH54: 0 | GI54: 0 | GJ54: 0 | GK54: 0 | GL54: 0 | GM54: 231 | GN54: 42 | GO54: 220 | GP54: 36 | GR54: 1 | GS54: 0 | GT54: =GU54+GV54 -> 1 | GU54: =GW54+GX54+GY54+HA54+HB54+HC54 -> 0 | GV54: =GZ54+HD54 -> 1 | GW54: 0 | GX54: 0 | GY54: 0 | GZ54: 1 | HA54: 0 | HB54: 0 | HC54: 0 | HD54: 0 | HE54: 0 | HF54: 0 | HG54: 0 | HH54: 0 | HI54: 0 | HJ54: 0 | HK54: 0 | HL54: 0 | HM54: 0 | HN54: 0 | HO54: 0 | HP54: 0 | HT54: =H54 -> 0 | HU54: =P54 -> 4 | HV54: =X54 -> 0 | HW54: =AF54 -> 2 | HX54: =AN54 -> 2 | HY54: =AW54 -> 1 | HZ54: =BR54 -> 1 | IA54: =CN54 -> 1 | IB54: =DL54 -> 1 | IC54: =EM54 -> 1 | ID54: =FP54 -> 1 | IE54: =GT54 -> 1 | JB54: =SUM(I54:L54) -> 0 | JC54: =SUM(Q54:T54) -> 4 | JD54: =SUM(Y54:AB54) -> 0 | JE54: =SUM(AG54:AJ54) -> 2 | JF54: =SUM(AO54:AR54) -> 2 | JG54: =SUM(AX54:BE54) -> 1 | JH54: =SUM(BS54:BZ54) -> 1 | JI54: =SUM(CO54:CV54) -> 1 | JJ54: =SUM(DO54:DV54) -> 1 | JK54: =SUM(EP54:FA54) -> 1 | JL54: =SUM(FS54:FZ54) -> 1 | JM54: =SUM(GW54:HD54) -> 1 | JO54: =H54 -> 0 | JP54: 4 | JQ54: 0 | JR54: 2 | JS54: 2 | JV54: =IA54-JI54 -> 0 | JW54: =IB54-JJ54 -> 0 | JX54: =IC54-JK54 -> 0 | KB54: =JB54-JO54 -> 0 | KC54: =JC54-JP54 -> 0 | KD54: =JD54-JQ54 -> 0 | KE54: =JE54-JR54 -> 0 | KF54: =JF54-JS54 -> 0 | KG54: =JG54-JT54 -> 1 | KH54: =JH54-JU54 -> 1 | KI54: =JI54-JV54 -> 1 | ... KM54: =JM54-JZ54 -> 1
A55: 48 | B55: GENUK | C55: 3374070 | D55: GENUK | E55: Trimulyo | F55: 4 | G55: 211 | H55: 9 | I55: 0 | J55: 0 | K55: 0 | L55: 9 | M55: 0 | N55: 9 | O55: =H55-(M55+N55) -> 0 | P55: 7 | Q55: 0 | R55: 0 | S55: 0 | T55: 7 | U55: 0 | V55: 0 | W55: =P55-(U55+V55) -> 7 | X55: 7 | Y55: 0 | Z55: 0 | AA55: 0 | AB55: 7 | AC55: 0 | AD55: 0 | AE55: =X55-(AC55+AD55) -> 7 | AF55: 3 | AG55: 0 | AH55: 0 | AI55: 0 | AJ55: 3 | AK55: 0 | AL55: 0 | AM55: =AF55-(AK55+AL55) -> 3 | AN55: 3 | AO55: 0 | AP55: 0 | AQ55: 0 | AR55: 3 | AS55: 0 | AT55: 0 | AU55: =AN55-(AS55+AT55) -> 3 | AV55: 238 | AW55: =SUM(AX55:BE55) -> 1 | AX55: 0 | AY55: 0 | AZ55: 0 | BA55: 1 | BB55: 0 | BC55: 0 | BD55: 0 | BE55: 0 | BF55: 0 | BG55: 0 | BH55: 0 | BI55: 0 | BJ55: 0 | BK55: 0 | BL55: 0 | BM55: 0 | BN55: 0 | BO55: 0 | BP55: =SUM(BF55:BO55) -> 0 | BQ55: 253 | BR55: =SUM(BS55:BZ55) -> 1 | BT55: 0 | BU55: 0 | BV55: 1 | CK55: =SUM(CA55:CJ55) -> 0 | CL55: 263 | CM55: 93 | CN55: =SUM(CO55:CV55) -> 0 | CO55: 0 | CP55: 0 | CQ55: 0 | DG55: =SUM(CW55:DF55) -> 0 | DH55: 243 | DI55: 93 | DJ55: 233 | DK55: 91 | DL55: =SUM(DO55:DV55) -> 0 | DM55: =(DO55+DP55+DQ55+DS55+DT55+DU55) -> 0 | DN55: =DR55+DV55 -> 0 | DO55: 0 | DP55: 0 | DQ55: 0 | DR55: 0 | DS55: 0 | DT55: 0 | DU55: 0 | DV55: 0 | DW55: 0 | DX55: 0 | DY55: 0 | DZ55: 0 | EA55: 0 | EB55: 0 | EC55: 0 | ED55: 0 | EE55: 0 | EF55: 0 | EG55: =SUM(DW55:EF55) -> 0 | EH55: =DW55+DX55+DY55+EA55+EB55+EC55+EE55+EF55 -> 0 | EI55: 272 | EJ55: 76 | EK55: 255 | EL55: 75 | EM55: =SUM(EP55:EW55) -> 0 | EN55: =(EP55+EQ55+ER55+ET55+EU55+EV55) -> 0 | EO55: =ES55+EW55 -> 0 | EP55: 0 | EQ55: 0 | ER55: 0 | ES55: 0 | ET55: 0 | EU55: 0 | EV55: 0 | EW55: 0 | EX55: 0 | EY55: 0 | EZ55: 0 | FA55: 0 | FB55: 0 | FC55: 0 | FD55: 0 | FE55: 0 | FF55: 0 | FH55: =SUM(EX55:FG55) -> 0 | FI55: =EX55+EY55+EZ55+FB55+FC55+FD55 -> 0 | FJ55: 267 | FK55: 94 | FL55: 265 | FM55: 94 | FO55: 0 | FP55: =SUM(FS55:FZ55) -> 0 | FQ55: 0 | FR55: 0 | FS55: 0 | FT55: 0 | FU55: 0 | FV55: 0 | FW55: 0 | FX55: 0 | FY55: 0 | FZ55: 0 | GA55: 0 | GB55: 0 | GC55: 0 | GD55: 0 | GE55: 0 | GF55: 0 | GG55: 0 | GH55: 0 | GI55: 0 | GJ55: 0 | GK55: 0 | GL55: 0 | GM55: 280 | GN55: 53 | GO55: 271 | GP55: 47 | GR55: 0 | GS55: 0 | GT55: =GU55+GV55 -> 0 | GU55: =GW55+GX55+GY55+HA55+HB55+HC55 -> 0 | GV55: =GZ55+HD55 -> 0 | GW55: 0 | GX55: 0 | GY55: 0 | GZ55: 0 | HA55: 0 | HB55: 0 | HC55: 0 | HD55: 0 | HE55: 0 | HF55: 0 | HG55: 0 | HH55: 0 | HI55: 0 | HJ55: 0 | HK55: 0 | HL55: 0 | HM55: 0 | HN55: 0 | HO55: 0 | HP55: 0 | HT55: =H55 -> 9 | HU55: =P55 -> 7 | HV55: =X55 -> 7 | HW55: =AF55 -> 3 | HX55: =AN55 -> 3 | HY55: =AW55 -> 1 | HZ55: =BR55 -> 1 | IA55: =CN55 -> 0 | IB55: =DL55 -> 0 | IC55: =EM55 -> 0 | ID55: =FP55 -> 0 | IE55: =GT55 -> 0 | JB55: =SUM(I55:L55) -> 9 | JC55: =SUM(Q55:T55) -> 7 | JD55: =SUM(Y55:AB55) -> 7 | JE55: =SUM(AG55:AJ55) -> 3 | JF55: =SUM(AO55:AR55) -> 3 | JG55: =SUM(AX55:BE55) -> 1 | JH55: =SUM(BS55:BZ55) -> 1 | JI55: =SUM(CO55:CV55) -> 0 | JJ55: =SUM(DO55:DV55) -> 0 | JK55: =SUM(EP55:FA55) -> 0 | JL55: =SUM(FS55:FZ55) -> 0 | JM55: =SUM(GW55:HD55) -> 0 | JO55: =H55 -> 9 | JP55: 7 | JQ55: 7 | JR55: 3 | JS55: 3 | JV55: =IA55-JI55 -> 0 | JW55: =IB55-JJ55 -> 0 | JX55: =IC55-JK55 -> 0 | KB55: =JB55-JO55 -> 0 | KC55: =JC55-JP55 -> 0 | KD55: =JD55-JQ55 -> 0 | KE55: =JE55-JR55 -> 0 | KF55: =JF55-JS55 -> 0 | KG55: =JG55-JT55 -> 1 | KH55: =JH55-JU55 -> 1 | KI55: =JI55-JV55 -> 0 | ... KM55: =JM55-JZ55 -> 0
A56: 49 | B56: GENUK | C56: 3374090 | D56: BANGETAYU | E56: Penggaron Lor | F56: 7 | G56: 577 | H56: 0 | I56: 0 | J56: 0 | K56: 0 | L56: 0 | M56: 0 | N56: 0 | O56: =H56-(M56+N56) -> 0 | P56: 1 | Q56: 0 | R56: 0 | S56: 0 | T56: 1 | U56: 0 | V56: 0 | W56: =P56-(U56+V56) -> 1 | X56: 2 | Y56: 0 | Z56: 0 | AA56: 1 | AB56: 1 | AC56: 1 | AD56: 1 | AE56: =X56-(AC56+AD56) -> 0 | AF56: 4 | AG56: 0 | AH56: 0 | AI56: 2 | AJ56: 2 | AK56: 2 | AL56: 0 | AM56: =AF56-(AK56+AL56) -> 2 | AN56: 5 | AO56: 0 | AP56: 0 | AQ56: 2 | AR56: 3 | AS56: 1 | AT56: 0 | AU56: =AN56-(AS56+AT56) -> 4 | AV56: 567 | AW56: =SUM(AX56:BE56) -> 5 | AX56: 0 | AY56: 0 | AZ56: 1 | BA56: 4 | BB56: 0 | BC56: 0 | BD56: 0 | BE56: 0 | BF56: 0 | BG56: 0 | BH56: 0 | BI56: 0 | BJ56: 0 | BK56: 0 | BL56: 0 | BM56: 0 | BN56: 0 | BO56: 0 | BP56: =SUM(BF56:BO56) -> 0 | BQ56: 597 | BR56: =SUM(BS56:BZ56) -> 5 | BS56: 0 | BT56: 0 | BU56: 1 | BV56: 4 | BW56: 0 | BX56: 0 | BY56: 0 | BZ56: 0 | CA56: 0 | CB56: 0 | CC56: 0 | CD56: 0 | CE56: 0 | CF56: 0 | CG56: 0 | CH56: 0 | CI56: 0 | CJ56: 0 | CK56: =SUM(CA56:CJ56) -> 0 | CL56: 763 | CM56: 227 | CN56: =SUM(CO56:CV56) -> 6 | CO56: 0 | CP56: 0 | CQ56: 1 | CR56: 4 | CS56: 0 | CT56: 0 | CU56: 0 | CV56: 1 | CW56: 0 | CX56: 0 | CY56: 0 | CZ56: 0 | DA56: 0 | DB56: 0 | DC56: 0 | DD56: 0 | DE56: 0 | DF56: 0 | DG56: =SUM(CW56:DF56) -> 0 | DH56: 541 | DI56: 195 | DJ56: 499 | DK56: 186 | DL56: =SUM(DO56:DV56) -> 7 | DM56: =(DO56+DP56+DQ56+DS56+DT56+DU56) -> 2 | DN56: =DR56+DV56 -> 5 | DO56: 0 | DP56: 0 | DQ56: 1 | DR56: 5 | DS56: 0 | DT56: 0 | DU56: 1 | DV56: 0 | DW56: 0 | DX56: 0 | DY56: 0 | DZ56: 0 | EA56: 0 | EB56: 0 | EC56: 0 | ED56: 0 | EE56: 0 | EF56: 0 | EG56: =SUM(DW56:EF56) -> 0 | EH56: =DW56+DX56+DY56+EA56+EB56+EC56+EE56+EF56 -> 0 | EI56: 541 | EJ56: 207 | EK56: 475 | EL56: 189 | EM56: =SUM(EP56:EW56) -> 5 | EN56: =(EP56+EQ56+ER56+ET56+EU56+EV56) -> 2 | EO56: =ES56+EW56 -> 3 | EP56: 0 | EQ56: 0 | ER56: 2 | ES56: 3 | ET56: 0 | EU56: 0 | EV56: 0 | EW56: 0 | EX56: 0 | EY56: 0 | EZ56: 0 | FA56: 2 | FB56: 0 | FC56: 0 | FD56: 0 | FE56: 0 | FF56: 0 | FG56: 0 | FH56: =SUM(EX56:FG56) -> 2 | FI56: =EX56+EY56+EZ56+FB56+FC56+FD56 -> 0 | FJ56: 651 | FK56: 173 | FL56: 478 | FM56: 166 | FO56: 8 | FP56: =SUM(FS56:FZ56) -> 8 | FQ56: 4 | FR56: 4 | FS56: 0 | FT56: 0 | FU56: 2 | FV56: 3 | FW56: 0 | FX56: 0 | FY56: 2 | FZ56: 1 | GA56: 0 | GB56: 0 | GC56: 0 | GD56: 0 | GE56: 0 | GF56: 0 | GG56: 0 | GH56: 0 | GI56: 0 | GJ56: 0 | GK56: 0 | GL56: 0 | GM56: 594 | GN56: 319 | GO56: 585 | GP56: 245 | GR56: 8 | GS56: 4 | GT56: =GU56+GV56 -> 8 | GU56: =GW56+GX56+GY56+HA56+HB56+HC56 -> 4 | GV56: =GZ56+HD56 -> 4 | GW56: 0 | GX56: 1 | GY56: 2 | GZ56: 4 | HA56: 0 | HB56: 0 | HC56: 1 | HD56: 0 | HE56: 0 | HF56: 0 | HG56: 1 | HH56: 0 | HI56: 0 | HJ56: 0 | HK56: 0 | HL56: 0 | HM56: 0 | HN56: 0 | HO56: 0 | HP56: 1 | HT56: =H56 -> 0 | HU56: =P56 -> 1 | HV56: =X56 -> 2 | HW56: =AF56 -> 4 | HX56: =AN56 -> 5 | HY56: =AW56 -> 5 | HZ56: =BR56 -> 5 | IA56: =CN56 -> 6 | IB56: =DL56 -> 7 | IC56: =EM56 -> 5 | ID56: =FP56 -> 8 | IE56: =GT56 -> 8 | JB56: =SUM(I56:L56) -> 0 | JC56: =SUM(Q56:T56) -> 1 | JD56: =SUM(Y56:AB56) -> 2 | JE56: =SUM(AG56:AJ56) -> 4 | JF56: =SUM(AO56:AR56) -> 5 | JG56: =SUM(AX56:BE56) -> 5 | JH56: =SUM(BS56:BZ56) -> 5 | JI56: =SUM(CO56:CV56) -> 6 | JJ56: =SUM(DO56:DV56) -> 7 | JK56: =SUM(EP56:FA56) -> 7 | JL56: =SUM(FS56:FZ56) -> 8 | JM56: =SUM(GW56:HD56) -> 8 | JO56: =H56 -> 0 | JP56: 1 | JQ56: 2 | JR56: 4 | JS56: 5 | JV56: =IA56-JI56 -> 0 | JW56: =IB56-JJ56 -> 0 | JX56: =IC56-JK56 -> -2 | KB56: =JB56-JO56 -> 0 | KC56: =JC56-JP56 -> 0 | KD56: =JD56-JQ56 -> 0 | KE56: =JE56-JR56 -> 0 | KF56: =JF56-JS56 -> 0 | KG56: =JG56-JT56 -> 5 | KH56: =JH56-JU56 -> 5 | KI56: =JI56-JV56 -> 6 | ... KM56: =JM56-JZ56 -> 8
A57: 50 | B57: GENUK | C57: 3374070 | D57: GENUK | E57: Muktiharjo Lor | F57: 5 | G57: 275 | H57: 0 | I57: 0 | J57: 0 | K57: 0 | L57: 0 | M57: 0 | N57: 0 | O57: =H57-(M57+N57) -> 0 | P57: 2 | Q57: 0 | R57: 0 | S57: 0 | T57: 2 | U57: 0 | V57: 0 | W57: =P57-(U57+V57) -> 2 | X57: 0 | Y57: 0 | Z57: 0 | AA57: 0 | AB57: 0 | AC57: 0 | AD57: 0 | AE57: =X57-(AC57+AD57) -> 0 | AF57: 2 | AG57: 0 | AH57: 0 | AI57: 0 | AJ57: 2 | AK57: 0 | AL57: 0 | AM57: =AF57-(AK57+AL57) -> 2 | AN57: 2 | AO57: 0 | AP57: 0 | AQ57: 0 | AR57: 2 | AS57: 0 | AT57: 0 | AU57: =AN57-(AS57+AT57) -> 2 | AV57: 248 | AW57: =SUM(AX57:BE57) -> 0 | AX57: 0 | AY57: 0 | AZ57: 0 | BA57: 0 | BB57: 0 | BC57: 0 | BD57: 0 | BE57: 0 | BF57: 0 | BG57: 0 | BH57: 0 | BI57: 0 | BJ57: 0 | BK57: 0 | BL57: 0 | BM57: 0 | BN57: 0 | BO57: 0 | BP57: =SUM(BF57:BO57) -> 0 | BQ57: 240 | BR57: =SUM(BS57:BZ57) -> 0 | BT57: 0 | BU57: 0 | BV57: 0 | CK57: =SUM(CA57:CJ57) -> 0 | CL57: 248 | CM57: 127 | CN57: =SUM(CO57:CV57) -> 0 | CO57: 0 | CP57: 0 | CQ57: 0 | CR57: 0 | CS57: 0 | CT57: 0 | CU57: 0 | CV57: 0 | CW57: 0 | CX57: 0 | CY57: 0 | CZ57: 0 | DA57: 0 | DB57: 0 | DC57: 0 | DD57: 0 | DE57: 0 | DF57: 0 | DG57: =SUM(CW57:DF57) -> 0 | DH57: 298 | DI57: 127 | DJ57: 295 | DK57: 126 | DL57: =SUM(DO57:DV57) -> 0 | DM57: =(DO57+DP57+DQ57+DS57+DT57+DU57) -> 0 | DN57: =DR57+DV57 -> 0 | DO57: 0 | DP57: 0 | DQ57: 0 | DR57: 0 | DS57: 0 | DT57: 0 | DU57: 0 | DV57: 0 | DW57: 0 | DX57: 0 | DY57: 0 | DZ57: 0 | EA57: 0 | EB57: 0 | EC57: 0 | EG57: =SUM(DW57:EF57) -> 0 | EH57: =DW57+DX57+DY57+EA57+EB57+EC57+EE57+EF57 -> 0 | EI57: 236 | EJ57: 108 | EK57: 205 | EL57: 101 | EM57: =SUM(EP57:EW57) -> 0 | EN57: =(EP57+EQ57+ER57+ET57+EU57+EV57) -> 0 | EO57: =ES57+EW57 -> 0 | EP57: 0 | EQ57: 0 | ER57: 0 | ES57: 0 | ET57: 0 | EU57: 0 | EV57: 0 | EW57: 0 | EX57: 0 | EY57: 0 | EZ57: 0 | FA57: 0 | FB57: 0 | FC57: 0 | FD57: 0 | FE57: 0 | FF57: 0 | FH57: =SUM(EX57:FG57) -> 0 | FI57: =EX57+EY57+EZ57+FB57+FC57+FD57 -> 0 | FJ57: 255 | FK57: 95 | FL57: 253 | FM57: 95 | FO57: 0 | FP57: =SUM(FS57:FZ57) -> 0 | FQ57: 0 | FR57: 0 | FS57: 0 | FT57: 0 | FU57: 0 | FV57: 0 | FW57: 0 | FX57: 0 | FY57: 0 | FZ57: 0 | GA57: 0 | GB57: 0 | GC57: 0 | GD57: 0 | GE57: 0 | GF57: 0 | GG57: 0 | GH57: 0 | GI57: 0 | GJ57: 0 | GK57: 0 | GL57: 0 | GM57: 271 | GN57: 42 | GO57: 266 | GP57: 35 | GR57: 0 | GS57: 0 | GT57: =GU57+GV57 -> 0 | GU57: =GW57+GX57+GY57+HA57+HB57+HC57 -> 0 | GV57: =GZ57+HD57 -> 0 | GW57: 0 | GX57: 0 | GY57: 0 | GZ57: 0 | HA57: 0 | HB57: 0 | HC57: 0 | HD57: 0 | HE57: 0 | HF57: 0 | HG57: 0 | HH57: 0 | HI57: 0 | HJ57: 0 | HK57: 0 | HL57: 0 | HM57: 0 | HN57: 0 | HO57: 0 | HP57: 0 | HT57: =H57 -> 0 | HU57: =P57 -> 2 | HV57: =X57 -> 0 | HW57: =AF57 -> 2 | HX57: =AN57 -> 2 | HY57: =AW57 -> 0 | HZ57: =BR57 -> 0 | IA57: =CN57 -> 0 | IB57: =DL57 -> 0 | IC57: =EM57 -> 0 | ID57: =FP57 -> 0 | IE57: =GT57 -> 0 | JB57: =SUM(I57:L57) -> 0 | JC57: =SUM(Q57:T57) -> 2 | JD57: =SUM(Y57:AB57) -> 0 | JE57: =SUM(AG57:AJ57) -> 2 | JF57: =SUM(AO57:AR57) -> 2 | JG57: =SUM(AX57:BE57) -> 0 | JH57: =SUM(BS57:BZ57) -> 0 | JI57: =SUM(CO57:CV57) -> 0 | JJ57: =SUM(DO57:DV57) -> 0 | JK57: =SUM(EP57:FA57) -> 0 | JL57: =SUM(FS57:FZ57) -> 0 | JM57: =SUM(GW57:HD57) -> 0 | JO57: =H57 -> 0 | JP57: 2 | JQ57: 0 | JR57: 2 | JS57: 2 | JV57: =IA57-JI57 -> 0 | JW57: =IB57-JJ57 -> 0 | JX57: =IC57-JK57 -> 0 | KB57: =JB57-JO57 -> 0 | KC57: =JC57-JP57 -> 0 | KD57: =JD57-JQ57 -> 0 | KE57: =JE57-JR57 -> 0 | KF57: =JF57-JS57 -> 0 | KG57: =JG57-JT57 -> 0 | KH57: =JH57-JU57 -> 0 | KI57: =JI57-JV57 -> 0 | ... KM57: =JM57-JZ57 -> 0
A58: 51 | B58: GENUK | C58: 3374090 | D58: BANGETAYU | E58: Bangetayu Kulon | F58: 15 | G58: 1422 | H58: 0 | I58: 0 | J58: 0 | K58: 0 | L58: 0 | M58: 0 | N58: 0 | O58: =H58-(M58+N58) -> 0 | P58: 1 | Q58: 0 | R58: 0 | S58: 0 | T58: 1 | U58: 1 | V58: 0 | W58: =P58-(U58+V58) -> 0 | X58: 0 | Y58: 0 | Z58: 0 | AA58: 0 | AB58: 0 | AC58: 0 | AD58: 0 | AE58: =X58-(AC58+AD58) -> 0 | AF58: 2 | AG58: 0 | AH58: 0 | AI58: 1 | AJ58: 1 | AK58: 2 | AL58: 0 | AM58: =AF58-(AK58+AL58) -> 0 | AN58: 3 | AO58: 0 | AP58: 0 | AQ58: 2 | AR58: 1 | AS58: 1 | AT58: 0 | AU58: =AN58-(AS58+AT58) -> 2 | AV58: 1487 | AW58: =SUM(AX58:BE58) -> 3 | AX58: 0 | AY58: 0 | AZ58: 1 | BA58: 2 | BB58: 0 | BC58: 0 | BD58: 0 | BE58: 0 | BF58: 0 | BG58: 0 | BH58: 0 | BI58: 0 | BJ58: 0 | BK58: 0 | BL58: 0 | BM58: 0 | BN58: 0 | BO58: 0 | BP58: =SUM(BF58:BO58) -> 0 | BQ58: 1454 | BR58: =SUM(BS58:BZ58) -> 3 | BS58: 0 | BT58: 1 | BU58: 0 | BV58: 2 | BW58: 0 | BX58: 0 | BY58: 0 | BZ58: 0 | CA58: 0 | CB58: 0 | CC58: 0 | CD58: 0 | CE58: 0 | CF58: 0 | CG58: 0 | CH58: 0 | CI58: 0 | CJ58: 0 | CK58: =SUM(CA58:CJ58) -> 0 | CL58: 1484 | CM58: 528 | CN58: =SUM(CO58:CV58) -> 2 | CO58: 0 | CP58: 0 | CQ58: 0 | CR58: 2 | CS58: 0 | CT58: 0 | CU58: 0 | CV58: 0 | CW58: 0 | CX58: 0 | CY58: 0 | CZ58: 0 | DA58: 0 | DB58: 1 | DC58: 0 | DD58: 0 | DE58: 0 | DF58: 0 | DG58: =SUM(CW58:DF58) -> 1 | DH58: 1476 | DI58: 541 | DJ58: 1342 | DK58: 526 | DL58: =SUM(DO58:DV58) -> 2 | DM58: =(DO58+DP58+DQ58+DS58+DT58+DU58) -> 0 | DN58: =DR58+DV58 -> 2 | DO58: 0 | DP58: 0 | DQ58: 0 | DR58: 2 | DS58: 0 | DT58: 0 | DU58: 0 | DV58: 0 | DW58: 0 | DX58: 0 | DY58: 0 | DZ58: 0 | EA58: 0 | EB58: 0 | EC58: 0 | ED58: 0 | EE58: 0 | EF58: 0 | EG58: =SUM(DW58:EF58) -> 0 | EH58: =DW58+DX58+DY58+EA58+EB58+EC58+EE58+EF58 -> 0 | EI58: 1386 | EJ58: 536 | EK58: 1323 | EL58: 526 | EM58: =SUM(EP58:EW58) -> 2 | EN58: =(EP58+EQ58+ER58+ET58+EU58+EV58) -> 0 | EO58: =ES58+EW58 -> 2 | EP58: 0 | EQ58: 0 | ER58: 0 | ES58: 1 | ET58: 0 | EU58: 0 | EV58: 0 | EW58: 1 | EX58: 0 | EY58: 0 | EZ58: 1 | FA58: 0 | FB58: 0 | FC58: 0 | FD58: 0 | FE58: 0 | FF58: 0 | FG58: 0 | FH58: =SUM(EX58:FG58) -> 1 | FI58: =EX58+EY58+EZ58+FB58+FC58+FD58 -> 1 | FJ58: 1402 | FK58: 398 | FL58: 1340 | FM58: 382 | FO58: 2 | FP58: =SUM(FS58:FZ58) -> 2 | FQ58: 1 | FR58: 1 | FS58: 0 | FT58: 0 | FU58: 0 | FV58: 1 | FW58: 0 | FX58: 0 | FY58: 1 | FZ58: 0 | GA58: 0 | GB58: 0 | GC58: 0 | GD58: 1 | GE58: 0 | GF58: 0 | GG58: 0 | GH58: 0 | GI58: 0 | GJ58: 0 | GK58: 1 | GL58: 0 | GM58: 1542 | GN58: 605 | GO58: 1533 | GP58: 533 | GR58: 6 | GS58: 4 | GT58: =GU58+GV58 -> 6 | GU58: =GW58+GX58+GY58+HA58+HB58+HC58 -> 4 | GV58: =GZ58+HD58 -> 2 | GW58: 0 | GX58: 0 | GY58: 0 | GZ58: 1 | HA58: 0 | HB58: 1 | HC58: 3 | HD58: 1 | HE58: 0 | HF58: 0 | HG58: 1 | HH58: 0 | HI58: 0 | HJ58: 0 | HK58: 0 | HL58: 0 | HM58: 0 | HN58: 0 | HO58: 0 | HP58: 1 | HT58: =H58 -> 0 | HU58: =P58 -> 1 | HV58: =X58 -> 0 | HW58: =AF58 -> 2 | HX58: =AN58 -> 3 | HY58: =AW58 -> 3 | HZ58: =BR58 -> 3 | IA58: =CN58 -> 2 | IB58: =DL58 -> 2 | IC58: =EM58 -> 2 | ID58: =FP58 -> 2 | IE58: =GT58 -> 6 | JB58: =SUM(I58:L58) -> 0 | JC58: =SUM(Q58:T58) -> 1 | JD58: =SUM(Y58:AB58) -> 0 | JE58: =SUM(AG58:AJ58) -> 2 | JF58: =SUM(AO58:AR58) -> 3 | JG58: =SUM(AX58:BE58) -> 3 | JH58: =SUM(BS58:BZ58) -> 3 | JI58: =SUM(CO58:CV58) -> 2 | JJ58: =SUM(DO58:DV58) -> 2 | JK58: =SUM(EP58:FA58) -> 3 | JL58: =SUM(FS58:FZ58) -> 2 | JM58: =SUM(GW58:HD58) -> 6 | JO58: =H58 -> 0 | JP58: 1 | JQ58: 0 | JR58: 2 | JS58: 3 | JV58: =IA58-JI58 -> 0 | JW58: =IB58-JJ58 -> 0 | JX58: =IC58-JK58 -> -1 | KB58: =JB58-JO58 -> 0 | KC58: =JC58-JP58 -> 0 | KD58: =JD58-JQ58 -> 0 | KE58: =JE58-JR58 -> 0 | KF58: =JF58-JS58 -> 0 | KG58: =JG58-JT58 -> 3 | KH58: =JH58-JU58 -> 3 | KI58: =JI58-JV58 -> 2 | ... KM58: =JM58-JZ58 -> 6
